Handle,SEO Title,SEO Description,Product Category
200-µl-lts-pipette-tips-low-retention-sterile-no-rnase-dnase-pcr-inhibitors-pyrogens,"200 µl LTS FILTER Tips, Low Retention, Sterile | Laguna Scientific","200 µl LTS FILTER Tips, Low Retention, Sterile, No RNase from Laguna Scientific. Lab supplies and PPE. Volume pricing: 866-9-LAGUNA.",Business & Industrial > Science & Laboratory > Laboratory Supplies > Pipettes
st-45-plus-co2-incubator-45l-with-2-shelves-copy,myTemp™ Co2 Mini Digital Incubator | Laguna Scientific,myTemp™ Co2 Mini Digital Incubator from Laguna Scientific. Lab supplies and PPE. Volume pricing: 866-9-LAGUNA.,Business & Industrial > Science & Laboratory > Laboratory Equipment
1000-µl-lts-compatible-pipette-tips-low-rentention-sterile-no-rnase-dnase-pcr-inhibitors-pyrogens,"1000 µl LTS FILTER Tips, Low Retention, Sterile | Laguna Scientific","1000 µl LTS FILTER Tips, Low Retention, Sterile, No RNase from Laguna Scientific. Lab supplies and PPE. Volume pricing: 866-9-LAGUNA.",Business & Industrial > Science & Laboratory > Laboratory Supplies > Pipettes
1-8-ml-red-screw-cap-microtubes-with-silicone-gasket-sterile-500-bag-copy,1.8 ml YELLOW Screw Cap Microtubes with silicone | Laguna Scientific,1.8 ml YELLOW Screw Cap Microtubes with silicone gasket from Laguna Scientific. Lab supplies and PPE. Volume pricing: 866-9-LAGUNA.,Business & Industrial > Science & Laboratory > Laboratory Supplies > Test Tubes
incu-shaker™-10l-with-non-slip-rubber-mat-copy,Incu-Shaker™ 20L with non-slip rubber mat | Laguna Scientific,Incu-Shaker™ 20L with non-slip rubber mat from Laguna Scientific. Lab supplies and PPE. Volume pricing: 866-9-LAGUNA.,Business & Industrial > Science & Laboratory > Laboratory Equipment > Laboratory Blenders
200-µl-pipette-tips-no-rnase-dnase-endotoxin-pcr-inhibitors-racked-96-tips-box-10-box-cs,"200 µl Pipette Tips, No RNase, DNase, Endotoxin | Laguna Scientific","200 µl Pipette Tips, No RNase, DNase, Endotoxin from Laguna Scientific. Lab supplies and PPE. Volume pricing: 866-9-LAGUNA.",Business & Industrial > Science & Laboratory > Laboratory Supplies > Pipettes
10-µl-pipette-tips-no-rnase-dnase-endotoxin-pcr-inhibitors-racked-96-tips-box-10-box-cs-copy,"10 µl Pipette Tips, No RNase, DNase, Endotoxin | Laguna Scientific","10 µl Pipette Tips, No RNase, DNase, Endotoxin from Laguna Scientific. Lab supplies and PPE. Volume pricing: 866-9-LAGUNA.",Business & Industrial > Science & Laboratory > Laboratory Supplies > Pipettes
reagent-reservoirs-sterile-1-bag-80-box-copy,"Reagent reservoirs, NON STERILE, 5/bag, 80/box | Laguna Scientific","Reagent reservoirs, NON STERILE, 5/bag, 80/box from Laguna Scientific. Lab supplies and PPE. Volume pricing: 866-9-LAGUNA.",Business & Industrial > Science & Laboratory > Laboratory Supplies
500-ml-sterile-disposable-vacuum-filter-with-0-22-µm-pes-membrane-12-case-copy,1000 ml Sterile Disposable Vacuum Filter with 0.22 | Laguna Scientific,1000 ml Sterile Disposable Vacuum Filter with 0.22 µm PES from Laguna Scientific. Lab supplies and PPE. Volume pricing: 866-9-LAGUNA.,Business & Industrial > Science & Laboratory > Laboratory Supplies
250-ml-sterile-disposable-vacuum-filter-with-0-22-µm-pes-membrane-12-case-copy,500 ml Sterile Disposable Vacuum Filter with 0.22 | Laguna Scientific,500 ml Sterile Disposable Vacuum Filter with 0.22 µm PES from Laguna Scientific. Lab supplies and PPE. Volume pricing: 866-9-LAGUNA.,Business & Industrial > Science & Laboratory > Laboratory Supplies
250-ml-sterile-disposable-vacuum-filter-with-0-22-µm-pes-membrane-12-case,250 ml Sterile Disposable Vacuum Filter with 0.22 | Laguna Scientific,250 ml Sterile Disposable Vacuum Filter with 0.22 µm PES from Laguna Scientific. Lab supplies and PPE. Volume pricing: 866-9-LAGUNA.,Business & Industrial > Science & Laboratory > Laboratory Supplies
lts-compatible-pipette-tips-low-rention-sterile-20-µl,"20 µl LTS FILTER Pipette Tips, Low Retention | Laguna Scientific","20 µl LTS FILTER Pipette Tips, Low Retention, Sterile from Laguna Scientific. Lab supplies and PPE. Volume pricing: 866-9-LAGUNA.",Business & Industrial > Science & Laboratory > Laboratory Supplies > Pipettes
lts-compatible-pipette-tips-20-µl,"20 µl LTS Pipette Tips, Low Retention, Sterile | Laguna Scientific","20 µl LTS Pipette Tips, Low Retention, Sterile, No RNase from Laguna Scientific. Lab supplies and PPE. Volume pricing: 866-9-LAGUNA.",Business & Industrial > Science & Laboratory > Laboratory Supplies > Pipettes
lts-compatible-pipette-tips-1000-µl,"1000 µl LTS Pipette Tips, Low Retention, Sterile | Laguna Scientific","1000 µl LTS Pipette Tips, Low Retention, Sterile, No RNase from Laguna Scientific. Lab supplies and PPE. Volume pricing: 866-9-LAGUNA.",Business & Industrial > Science & Laboratory > Laboratory Supplies > Pipettes
lts-compatible-pipette-tips-200-µl,"200 µl LTS Pipette Tips, Low Retention, Sterile | Laguna Scientific","200 µl LTS Pipette Tips, Low Retention, Sterile, No RNase from Laguna Scientific. Lab supplies and PPE. Volume pricing: 866-9-LAGUNA.",Business & Industrial > Science & Laboratory > Laboratory Supplies > Pipettes
pcr-strip-8-tubes-with-attached-cap-120-strips-bag,PCR Strip 8-Tubes with Attached Cap 120 strips/bag | Laguna Scientific,PCR Strip 8-Tubes with Attached Cap 120 strips/bag from Laguna Scientific. Lab supplies and PPE. Volume pricing: 866-9-LAGUNA.,Business & Industrial > Science & Laboratory > Laboratory Supplies > Test Tubes
pcr-tubes-optically-clear-for-real-time-1000-bag,PCR Tubes Optically Clear for Real Time 1000/bag | Laguna Scientific,PCR Tubes Optically Clear for Real Time 1000/bag from Laguna Scientific. Lab supplies and PPE. Volume pricing: 866-9-LAGUNA.,Business & Industrial > Science & Laboratory > Laboratory Supplies > Test Tubes
pcr-strip-8-tubes-125-strips-bag,PCR Strip 8-Tubes 125 strips/bag | Laguna Scientific,"PCR Strip 8-Tubes 125 strips/bag from Laguna Scientific. Lab supplies and PPE for research, clinical, and industrial labs. Volume pricing: 866-9-LAGUNA.",Business & Industrial > Science & Laboratory > Laboratory Supplies > Test Tubes
pcr-tubes-domep-cap-1000-bag,PCR Tubes domep cap 1000/bag | Laguna Scientific,"PCR Tubes domep cap 1000/bag from Laguna Scientific. Lab supplies and PPE for research, clinical, and industrial labs. Volume pricing: 866-9-LAGUNA.",Business & Industrial > Science & Laboratory > Laboratory Supplies > Test Tubes
pcr-tubes-flat-cap-1000-bag,PCR Tubes Flat cap 1000/bag | Laguna Scientific,"PCR Tubes Flat cap 1000/bag from Laguna Scientific. Lab supplies and PPE for research, clinical, and industrial labs. Volume pricing: 866-9-LAGUNA.",Business & Industrial > Science & Laboratory > Laboratory Supplies > Test Tubes
tc-9639-thermal-cycler-with-384-well-block,TC 9639 Thermal Cycler with 384 well block | Laguna Scientific,TC 9639 Thermal Cycler with 384 well block from Laguna Scientific. Lab supplies and PPE. Volume pricing: 866-9-LAGUNA.,Business & Industrial > Science & Laboratory > Laboratory Equipment > Laboratory Ovens
tc-9639-thermal-cycler-with-multiformat-block,TC 9639 Thermal Cycler with multiformat block | Laguna Scientific,TC 9639 Thermal Cycler with multiformat block from Laguna Scientific. Lab supplies and PPE. Volume pricing: 866-9-LAGUNA.,Business & Industrial > Science & Laboratory > Laboratory Equipment > Laboratory Ovens
multitherm-shaker-with-heating-only,MultiTherm Shaker with heating only | Laguna Scientific,"MultiTherm Shaker with heating only from Laguna Scientific. Lab supplies and PPE for research, clinical, and industrial labs. Volume pricing: 866-9-LAGUNA.",Business & Industrial > Science & Laboratory > Laboratory Equipment > Laboratory Hot Plates
incu-shaker™-10lr-with-non-slip-rubber-mat,Incu-Shaker™ 20LR with non-slip rubber mat | Laguna Scientific,Incu-Shaker™ 20LR with non-slip rubber mat from Laguna Scientific. Lab supplies and PPE. Volume pricing: 866-9-LAGUNA.,Business & Industrial > Science & Laboratory > Laboratory Equipment > Laboratory Blenders
incu-shaker™-10l-with-non-slip-rubber-mat,Incu-Shaker™ 10L with non-slip rubber mat | Laguna Scientific,Incu-Shaker™ 10L with non-slip rubber mat from Laguna Scientific. Lab supplies and PPE. Volume pricing: 866-9-LAGUNA.,Business & Industrial > Science & Laboratory > Laboratory Equipment > Laboratory Blenders
four-block-digital-dry-bath,Four-Block Digital Dry Bath | Laguna Scientific,"Four-Block Digital Dry Bath from Laguna Scientific. Lab supplies and PPE for research, clinical, and industrial labs. Volume pricing: 866-9-LAGUNA.",Business & Industrial > Science & Laboratory > Laboratory Equipment > Laboratory Hot Plates
two-block-digital-dry-bath,Two-Block Digital Dry Bath | Laguna Scientific,"Two-Block Digital Dry Bath from Laguna Scientific. Lab supplies and PPE for research, clinical, and industrial labs. Volume pricing: 866-9-LAGUNA.",Business & Industrial > Science & Laboratory > Laboratory Equipment > Laboratory Hot Plates
one-block-digital-dry-bath,One-Block Digital Dry Bath | Laguna Scientific,"One-Block Digital Dry Bath from Laguna Scientific. Lab supplies and PPE for research, clinical, and industrial labs. Volume pricing: 866-9-LAGUNA.",Business & Industrial > Science & Laboratory > Laboratory Equipment > Laboratory Hot Plates
bioclave™-28-autoclave,BioClave™ 28 Autoclave | Laguna Scientific,"BioClave™ 28 Autoclave from Laguna Scientific. Lab supplies and PPE for research, clinical, and industrial labs. Volume pricing: 866-9-LAGUNA.",Business & Industrial > Science & Laboratory > Laboratory Equipment
bioclave-18-autoclave,BioClave 18 Autoclave | Laguna Scientific,"BioClave 18 Autoclave from Laguna Scientific. Lab supplies and PPE for research, clinical, and industrial labs. Volume pricing: 866-9-LAGUNA.",Business & Industrial > Science & Laboratory > Laboratory Equipment
bioclave-mini,BioClave Mini | Laguna Scientific,"BioClave Mini from Laguna Scientific. Lab supplies and PPE for research, clinical, and industrial labs. Volume pricing: 866-9-LAGUNA.",Business & Industrial > Science & Laboratory > Laboratory Equipment
sticky-mats-24-x-36-inch,"Sticky Mats, 24 X 36 inch, 120/pack | Laguna Scientific","Sticky Mats, 24 X 36 inch, 120/pack from Laguna Scientific. Lab supplies and PPE for research, clinical, and industrial labs. Volume pricing: 866-9-LAGUNA.",Home & Garden > Household Supplies > Shoe Care & Tools > Shoe Care Kits
sticky-mats-18-x-36-inch,"Sticky Mats,18 X 36 inch, 120/pack | Laguna Scientific","Sticky Mats,18 X 36 inch, 120/pack from Laguna Scientific. Lab supplies and PPE for research, clinical, and industrial labs. Volume pricing: 866-9-LAGUNA.",Home & Garden > Household Supplies > Shoe Care & Tools > Shoe Care Kits
aami-level-1-isolation-gowns-yellow-100-case,Yellow Isolation Gowns - Disposable 100/Case | Laguna Scientific,Yellow Isolation Gowns - Disposable 100/Case from Laguna Scientific. Lab supplies and PPE. Volume pricing: 866-9-LAGUNA.,Business & Industrial > Medical > Hospital Gowns
surgical-cap-24-inch-500-case,Surgical Cap 24 inch 500/case | Laguna Scientific,"Surgical Cap 24 inch 500/case from Laguna Scientific. Lab supplies and PPE for research, clinical, and industrial labs. Volume pricing: 866-9-LAGUNA.",Business & Industrial > Medical > Scrub Caps
bouffant-cap-24-inch-1000-case,Bouffant Cap 24 inch 1000/case | Laguna Scientific,"Bouffant Cap 24 inch 1000/case from Laguna Scientific. Lab supplies and PPE for research, clinical, and industrial labs. Volume pricing: 866-9-LAGUNA.",Business & Industrial > Medical > Scrub Caps
smart-glow-ld-loading-dye-1-ml,Smart Glow LD (Loading Dye) 1 ml | Laguna Scientific,"Smart Glow LD (Loading Dye) 1 ml from Laguna Scientific. Lab supplies and PPE for research, clinical, and industrial labs. Volume pricing: 866-9-LAGUNA.",Business & Industrial > Science & Laboratory > Laboratory Supplies
50-ml-self-standing-conical-tubes-sterile-bulk-500-case,"50 ml Self Standing Conical Tubes, Sterile, BULK | Laguna Scientific","50 ml Self Standing Conical Tubes, Sterile, BULK, 500/case from Laguna Scientific. Lab supplies and PPE. Volume pricing: 866-9-LAGUNA.",Business & Industrial > Science & Laboratory > Laboratory Supplies
agarose-le-low-eeo-powder-1000-gm-molecular-biology-grade,"Low EEO Agarose Tablets, Pack of 1000 Tablets | Laguna Scientific","Low EEO Agarose Tablets, Pack of 1000 Tablets from Laguna Scientific. Lab supplies and PPE. Volume pricing: 866-9-LAGUNA.",Business & Industrial > Science & Laboratory > Laboratory Supplies
agarose-le-low-eeo-powder-200-gm-molecular-biology-grade,"Low EEO Agarose Tablets, Pack of 200 Tablets | Laguna Scientific","Low EEO Agarose Tablets, Pack of 200 Tablets from Laguna Scientific. Lab supplies and PPE. Volume pricing: 866-9-LAGUNA.",Business & Industrial > Science & Laboratory > Laboratory Supplies
agarose-le-low-eeo-powder-100-gm-molecular-biology-grade,"Agarose LE (Low EEO) powder, 500 gm | Laguna Scientific","Agarose LE (Low EEO) powder, 500 gm, Molecular biology grade from Laguna Scientific. Lab supplies and PPE. Volume pricing: 866-9-LAGUNA.",Business & Industrial > Science & Laboratory > Laboratory Supplies
refill-96-refill-10-refills-case,"10 µl Pipette Tips, No RNase, DNase, Endotoxin | Laguna Scientific","10 µl Pipette Tips, No RNase, DNase, Endotoxin from Laguna Scientific. Lab supplies and PPE. Volume pricing: 866-9-LAGUNA.",Business & Industrial > Science & Laboratory > Laboratory Supplies > Pipettes
bulk-1000-bag-1,"10 µl Pipette Tips, No RNase, DNase, Endotoxin | Laguna Scientific","10 µl Pipette Tips, No RNase, DNase, Endotoxin from Laguna Scientific. Lab supplies and PPE. Volume pricing: 866-9-LAGUNA.",Business & Industrial > Science & Laboratory > Laboratory Supplies > Pipettes
17-x-100-mm-culture-tubes-polystyrene-500-case,17 X 100 mm Culture Tubes Polystyrene 500/case | Laguna Scientific,17 X 100 mm Culture Tubes Polystyrene 500/case from Laguna Scientific. Lab supplies and PPE. Volume pricing: 866-9-LAGUNA.,Business & Industrial > Science & Laboratory > Laboratory Supplies > Test Tubes
17-x-100-mm-culture-tubes-polypropylene-500-case,17 X 100 mm Culture Tubes Polypropylene 500/case | Laguna Scientific,17 X 100 mm Culture Tubes Polypropylene 500/case from Laguna Scientific. Lab supplies and PPE. Volume pricing: 866-9-LAGUNA.,Business & Industrial > Science & Laboratory > Laboratory Supplies > Test Tubes
12-x-75-mm-culture-tubes-polystyrene-500-case,12 X 75 mm Culture Tubes Polystyrene 500/case | Laguna Scientific,12 X 75 mm Culture Tubes Polystyrene 500/case from Laguna Scientific. Lab supplies and PPE. Volume pricing: 866-9-LAGUNA.,Business & Industrial > Science & Laboratory > Laboratory Supplies > Test Tubes
12-x-75-mm-culture-tubes-polypropylene-500-case,12 X 75 mm Culture Tubes Polypropylene 500/case | Laguna Scientific,12 X 75 mm Culture Tubes Polypropylene 500/case from Laguna Scientific. Lab supplies and PPE. Volume pricing: 866-9-LAGUNA.,Business & Industrial > Science & Laboratory > Laboratory Supplies > Test Tubes
polycarbonate-flasks-1000-ml-12-pack,Polycarbonate Flasks 1000 ml 6/pack | Laguna Scientific,"Polycarbonate Flasks 1000 ml 6/pack from Laguna Scientific. Lab supplies and PPE for research, clinical, and industrial labs. Volume pricing: 866-9-LAGUNA.",Business & Industrial > Science & Laboratory > Laboratory Supplies > Laboratory Flasks > Buchner Laboratory Flasks
polycarbonate-flasks-500-ml-12-pack,Polycarbonate Flasks 500 ml 6/pack | Laguna Scientific,"Polycarbonate Flasks 500 ml 6/pack from Laguna Scientific. Lab supplies and PPE for research, clinical, and industrial labs. Volume pricing: 866-9-LAGUNA.",Business & Industrial > Science & Laboratory > Laboratory Supplies > Laboratory Flasks > Buchner Laboratory Flasks
polycarbonate-flasks-250-ml-12-pack,Polycarbonate Flasks 250 ml 12/pack | Laguna Scientific,"Polycarbonate Flasks 250 ml 12/pack from Laguna Scientific. Lab supplies and PPE for research, clinical, and industrial labs. Volume pricing: 866-9-LAGUNA.",Business & Industrial > Science & Laboratory > Laboratory Supplies > Laboratory Flasks > Buchner Laboratory Flasks
30-mm-sterile-syringe-filters-pes-0-22-µm-pore-size-sterile-45-box,30 mm Sterile Syringe Filters PES 0.22 µm Pore Size | Laguna Scientific,30 mm Sterile Syringe Filters PES 0.22 µm Pore Size Sterile from Laguna Scientific. Lab supplies and PPE. Volume pricing: 866-9-LAGUNA.,Business & Industrial > Science & Laboratory > Laboratory Supplies
13-mm-sterile-syringe-filters-pes-0-22-µm-pore-size-sterile-100-box,13 mm Sterile Syringe Filters PES 0.22 µm Pore Size | Laguna Scientific,13 mm Sterile Syringe Filters PES 0.22 µm Pore Size Sterile from Laguna Scientific. Lab supplies and PPE. Volume pricing: 866-9-LAGUNA.,Business & Industrial > Science & Laboratory > Laboratory Supplies
50-ml-serological-pipettes-individually-wrapped-sterile-100-case,"50 ml Serological Pipettes, individually wrapped | Laguna Scientific","50 ml Serological Pipettes, individually wrapped from Laguna Scientific. Lab supplies and PPE. Volume pricing: 866-9-LAGUNA.",Business & Industrial > Science & Laboratory > Laboratory Supplies > Pipettes
25-ml-serological-pipettes-individually-wrapped-sterile-150-case,"25 ml Serological Pipettes, individually wrapped | Laguna Scientific","25 ml Serological Pipettes, individually wrapped from Laguna Scientific. Lab supplies and PPE. Volume pricing: 866-9-LAGUNA.",Business & Industrial > Science & Laboratory > Laboratory Supplies > Pipettes
10-ml-serological-pipettes-individually-wrapped-sterile-200-case,"10 ml Serological Pipettes, individually wrapped | Laguna Scientific","10 ml Serological Pipettes, individually wrapped from Laguna Scientific. Lab supplies and PPE. Volume pricing: 866-9-LAGUNA.",Business & Industrial > Science & Laboratory > Laboratory Supplies > Pipettes
5-ml-serological-pipettes-individually-wrapped-sterile-200-case,"5 ml Serological Pipettes, individually wrapped | Laguna Scientific","5 ml Serological Pipettes, individually wrapped from Laguna Scientific. Lab supplies and PPE. Volume pricing: 866-9-LAGUNA.",Business & Industrial > Science & Laboratory > Laboratory Supplies > Pipettes
fetal-serum-bovine-heat-inactivated-500-ml-sterile-us-origin,"Fetal Bovine Serum, Heat Inactivated | Laguna Scientific","Fetal Bovine Serum, Heat Inactivated, 500 ml Sterile from Laguna Scientific. Lab supplies and PPE. Volume pricing: 866-9-LAGUNA.",Business & Industrial > Science & Laboratory > Laboratory Chemicals
fetal-serum-bovine-500-ml-sterile-us-origin,"Fetal Bovine Serum, 500 ml/bottle, Sterile | Laguna Scientific","Fetal Bovine Serum, 500 ml/bottle, Sterile, US origin from Laguna Scientific. Lab supplies and PPE. Volume pricing: 866-9-LAGUNA.",Business & Industrial > Science & Laboratory > Laboratory Chemicals
fetal-serum-bovine-100-ml-sterile-us-origin,"Fetal Bovine Serum, 100 ml/bottle, Sterile | Laguna Scientific","Fetal Bovine Serum, 100 ml/bottle, Sterile, US origin from Laguna Scientific. Lab supplies and PPE. Volume pricing: 866-9-LAGUNA.",Business & Industrial > Science & Laboratory > Laboratory Chemicals
2-0-ml-cryogenic-vials-100-box,"2.0 ml Cryo Vials, 100/box | Laguna Scientific","2.0 ml Cryo Vials, 100/box from Laguna Scientific. Lab supplies and PPE for research, clinical, and industrial labs. Volume pricing: 866-9-LAGUNA.",Business & Industrial > Science & Laboratory > Laboratory Supplies
1-5-ml-cryogenic-vials-100-box,"1.5 ml Cryo Vials, 100/box | Laguna Scientific","1.5 ml Cryo Vials, 100/box from Laguna Scientific. Lab supplies and PPE for research, clinical, and industrial labs. Volume pricing: 866-9-LAGUNA.",Business & Industrial > Science & Laboratory > Laboratory Supplies
cell-strainers-100-μm-pore-size-yellow-frame-sterile-50-box-1-pack,Cell Strainers 100 μm pore size yellow frame | Laguna Scientific,Cell Strainers 100 μm pore size yellow frame sterile 50/box from Laguna Scientific. Lab supplies and PPE. Volume pricing: 866-9-LAGUNA.,Business & Industrial > Science & Laboratory > Laboratory Equipment
cell-strainers-70-μm-pore-size-white-frame-sterile-50-box-1-pack,Cell Strainers 70 μm pore size white frame sterile | Laguna Scientific,Cell Strainers 70 μm pore size white frame sterile 50/box from Laguna Scientific. Lab supplies and PPE. Volume pricing: 866-9-LAGUNA.,Business & Industrial > Science & Laboratory > Laboratory Equipment
cell-strainers-40-μm-pore-size-blue-frame-sterile-50-box-1-pack,Cell Strainers 40 μm pore size blue frame sterile | Laguna Scientific,Cell Strainers 40 μm pore size blue frame sterile 50/box from Laguna Scientific. Lab supplies and PPE. Volume pricing: 866-9-LAGUNA.,Business & Industrial > Science & Laboratory > Laboratory Equipment
two-edge-cell-lifter-flat-blade-and-j-hook-cell-scrapers-individually-wrapped-sterile-100-box,"Two Edge Cell Lifter, Flat Blade and J-Hook Cell | Laguna Scientific","Two Edge Cell Lifter, Flat Blade and J-Hook Cell Scrapers from Laguna Scientific. Lab supplies and PPE. Volume pricing: 866-9-LAGUNA.",Business & Industrial > Science & Laboratory > Laboratory Supplies
30-cm-cell-scrapers-individually-wrapped-sterile-100-box,30 cm Cell Scrapers Individually Wrapped Sterile | Laguna Scientific,30 cm Cell Scrapers Individually Wrapped Sterile 100/box from Laguna Scientific. Lab supplies and PPE. Volume pricing: 866-9-LAGUNA.,Business & Industrial > Science & Laboratory > Laboratory Supplies
24-cm-cell-scrapers-individually-wrapped-sterile-100-box-1,24 cm Cell Scrapers Individually Wrapped Sterile | Laguna Scientific,24 cm Cell Scrapers Individually Wrapped Sterile 100/box from Laguna Scientific. Lab supplies and PPE. Volume pricing: 866-9-LAGUNA.,Business & Industrial > Science & Laboratory > Laboratory Supplies
182cm-culture-flask-vent-cap-40-case,182cm² Culture Flask - Vent Cap 40/case | Laguna Scientific,182cm² Culture Flask - Vent Cap 40/case from Laguna Scientific. Lab supplies and PPE. Volume pricing: 866-9-LAGUNA.,Business & Industrial > Science & Laboratory > Laboratory Supplies > Laboratory Flasks > Buchner Laboratory Flasks
75cm-culture-flask-vent-cap-100-case,75cm² Culture Flask - Vent Cap 100/case | Laguna Scientific,75cm² Culture Flask - Vent Cap 100/case from Laguna Scientific. Lab supplies and PPE. Volume pricing: 866-9-LAGUNA.,Business & Industrial > Science & Laboratory > Laboratory Supplies > Laboratory Flasks > Buchner Laboratory Flasks
25cm-culture-flask-vent-cap-200-case,25cm² Culture Flask - Vent Cap 200/case | Laguna Scientific,25cm² Culture Flask - Vent Cap 200/case from Laguna Scientific. Lab supplies and PPE. Volume pricing: 866-9-LAGUNA.,Business & Industrial > Science & Laboratory > Laboratory Supplies > Laboratory Flasks > Buchner Laboratory Flasks
150-mm-cell-culture-plates-100-case,150 mm Cell Culture Plates 100/case | Laguna Scientific,"150 mm Cell Culture Plates 100/case from Laguna Scientific. Lab supplies and PPE for research, clinical, and industrial labs. Volume pricing: 866-9-LAGUNA.",Business & Industrial > Science & Laboratory > Laboratory Supplies
100-mm-cell-culture-plates-300-case,100 mm Cell Culture Plates 300/case | Laguna Scientific,"100 mm Cell Culture Plates 300/case from Laguna Scientific. Lab supplies and PPE for research, clinical, and industrial labs. Volume pricing: 866-9-LAGUNA.",Business & Industrial > Science & Laboratory > Laboratory Supplies
polystyrene-2-ml-aspirating-pipettes-individually-wrapped-sterile-500-case,Polystyrene 2 ml Aspirating Pipettes | Laguna Scientific,"Polystyrene 2 ml Aspirating Pipettes, individually wrapped from Laguna Scientific. Lab supplies and PPE. Volume pricing: 866-9-LAGUNA.",Business & Industrial > Science & Laboratory > Laboratory Supplies > Pipettes
polystyrene-9-inch-aspirating-pipettes-individually-wrapped-sterile-200-case,Polystyrene 9-inch Aspirating Pipettes | Laguna Scientific,Polystyrene 9-inch Aspirating Pipettes from Laguna Scientific. Lab supplies and PPE. Volume pricing: 866-9-LAGUNA.,Business & Industrial > Science & Laboratory > Laboratory Supplies > Pipettes
polystyrene-5-75-inch-aspirating-pipettes-individually-wrapped-sterile-200-case,Polystyrene 5.75 inch Aspirating Pipettes | Laguna Scientific,Polystyrene 5.75 inch Aspirating Pipettes from Laguna Scientific. Lab supplies and PPE. Volume pricing: 866-9-LAGUNA.,Business & Industrial > Science & Laboratory > Laboratory Supplies > Pipettes
polystyrene-spectrophotometer-clear-cuvettes-disposable-4-0-ml-100-case,Disposable Polystyrene Spectrophotometer 4.5 ml | Laguna Scientific,Disposable Polystyrene Spectrophotometer 4.5 ml with 4 from Laguna Scientific. Lab supplies and PPE. Volume pricing: 866-9-LAGUNA.,Business & Industrial > Science & Laboratory > Laboratory Equipment > Spectrometer Accessories
polystyrene-spectrophotometer-micro-cuvettes-disposable-1-5ml-100-case,Disposable Polystyrene Spectrophotometer 1.5 ml | Laguna Scientific,Disposable Polystyrene Spectrophotometer 1.5 ml Micro from Laguna Scientific. Lab supplies and PPE. Volume pricing: 866-9-LAGUNA.,Business & Industrial > Science & Laboratory > Laboratory Equipment > Spectrometer Accessories
heavy-duty-8-mil-nitrile-exam-12-powder-free-gloves-500-case-xxl,"Heavy Duty 8 Mil Nitrile Exam 12"" Powder Free | Laguna Scientific","Heavy Duty 8 Mil Nitrile Exam 12"" Powder Free Gloves from Laguna Scientific. Lab supplies and PPE. Volume pricing: 866-9-LAGUNA.",Business & Industrial > Medical > Medical Supplies > Disposable Gloves
heavy-duty-8-mil-nitrile-exam-12-powder-free-gloves-500-case-extra-large,"Heavy Duty 8 Mil Nitrile Exam 12"" Powder Free | Laguna Scientific","Heavy Duty 8 Mil Nitrile Exam 12"" Powder Free Gloves from Laguna Scientific. Lab supplies and PPE. Volume pricing: 866-9-LAGUNA.",Business & Industrial > Medical > Medical Supplies > Disposable Gloves
heavy-duty-8-mil-nitrile-exam-12-powder-free-gloves-500-case-large,"Heavy Duty 8 Mil Nitrile Exam 12"" Powder Free | Laguna Scientific","Heavy Duty 8 Mil Nitrile Exam 12"" Powder Free Gloves from Laguna Scientific. Lab supplies and PPE. Volume pricing: 866-9-LAGUNA.",Business & Industrial > Medical > Medical Supplies > Disposable Gloves
heavy-duty-8-mil-nitrile-exam-12-powder-free-gloves-500-case-medium,"Heavy Duty 8 Mil Nitrile Exam 12"" Powder Free | Laguna Scientific","Heavy Duty 8 Mil Nitrile Exam 12"" Powder Free Gloves from Laguna Scientific. Lab supplies and PPE. Volume pricing: 866-9-LAGUNA.",Business & Industrial > Medical > Medical Supplies > Disposable Gloves
heavy-duty-8-mil-nitrile-exam-12-powder-free-gloves-500-case-small,"Heavy Duty 8 Mil Nitrile Exam 12"" Powder Free | Laguna Scientific","Heavy Duty 8 Mil Nitrile Exam 12"" Powder Free Gloves from Laguna Scientific. Lab supplies and PPE. Volume pricing: 866-9-LAGUNA.",Business & Industrial > Medical > Medical Supplies > Disposable Gloves
black-nitrile-exam-gloves-powder-free-extra-large-6-mil-1000-box,"Black Nitrile Exam Gloves, Powder-Free | Laguna Scientific","Black Nitrile Exam Gloves, Powder-Free, Extra Large 6 mil from Laguna Scientific. Lab supplies and PPE. Volume pricing: 866-9-LAGUNA.",Business & Industrial > Medical > Medical Supplies > Disposable Gloves
black-nitrile-exam-gloves-powder-free-large-6-mil-1000-box,"Black Nitrile Exam Gloves, Powder-Free | Laguna Scientific","Black Nitrile Exam Gloves, Powder-Free, Large 6 mil from Laguna Scientific. Lab supplies and PPE. Volume pricing: 866-9-LAGUNA.",Business & Industrial > Medical > Medical Supplies > Disposable Gloves
black-nitrile-exam-gloves-powder-free-medium-6-mil-1000-box,"Black Nitrile Exam Gloves, Powder-Free | Laguna Scientific","Black Nitrile Exam Gloves, Powder-Free, Medium 6 mil from Laguna Scientific. Lab supplies and PPE. Volume pricing: 866-9-LAGUNA.",Business & Industrial > Medical > Medical Supplies > Disposable Gloves
black-nitrile-exam-gloves-powder-free-small-6-mil-1000-box,"Black Nitrile Exam Gloves, Powder-Free | Laguna Scientific","Black Nitrile Exam Gloves, Powder-Free, Small 6 mil from Laguna Scientific. Lab supplies and PPE. Volume pricing: 866-9-LAGUNA.",Business & Industrial > Medical > Medical Supplies > Disposable Gloves
soft-nitrile-powder-free-gloves-3-5-mil-extra-large-2000-case-10-boxes,"Soft Nitrile, Powder Free Gloves, 4 mil thick | Laguna Scientific","Soft Nitrile, Powder Free Gloves, 4 mil thick from Laguna Scientific. Lab supplies and PPE. Volume pricing: 866-9-LAGUNA.",Business & Industrial > Medical > Medical Supplies > Disposable Gloves
soft-nitrile-powder-free-gloves-3-5-mil-large-2000-case-10-boxes,"Soft Nitrile, Powder Free Gloves, 4 mil thick | Laguna Scientific","Soft Nitrile, Powder Free Gloves, 4 mil thick, Large from Laguna Scientific. Lab supplies and PPE. Volume pricing: 866-9-LAGUNA.",Business & Industrial > Medical > Medical Supplies > Disposable Gloves
soft-nitrile-powder-free-gloves-3-5-mil-medium-2000-case-10-boxes,"Soft Nitrile, Powder Free Gloves, 4 mil thick | Laguna Scientific","Soft Nitrile, Powder Free Gloves, 4 mil thick, Medium from Laguna Scientific. Lab supplies and PPE. Volume pricing: 866-9-LAGUNA.",Business & Industrial > Medical > Medical Supplies > Disposable Gloves
soft-nitrile-powder-free-gloves-3-5-mil-small-2000-case-10-boxes,"Soft Nitrile, Powder Free Gloves, 4 mil thick | Laguna Scientific","Soft Nitrile, Powder Free Gloves, 4 mil thick from Laguna Scientific. Lab supplies and PPE. Volume pricing: 866-9-LAGUNA.",Business & Industrial > Medical > Medical Supplies > Disposable Gloves
soft-nitrile-powder-free-gloves-3-5-mil-extra-small-2000-case-10-boxes,"Soft Nitrile, Powder Free Gloves, 4 mil thick | Laguna Scientific","Soft Nitrile, Powder Free Gloves, 4 mil thick from Laguna Scientific. Lab supplies and PPE. Volume pricing: 866-9-LAGUNA.",Business & Industrial > Medical > Medical Supplies > Disposable Gloves
nitrile-gloves-powder-free-4-0-mil-extra-small-2000-case,"Nitrile Gloves, Powder Free, 4.0 mil, Extra Small | Laguna Scientific","Nitrile Gloves, Powder Free, 4.0 mil, Extra Small, 1000/case from Laguna Scientific. Lab supplies and PPE. Volume pricing: 866-9-LAGUNA.",Business & Industrial > Medical > Medical Supplies > Disposable Gloves
nitrile-gloves-powder-free-4-0-mil-extra-large-2000-case,"Nitrile Gloves, Powder free, 4.0 mil, Extra Large | Laguna Scientific","Nitrile Gloves, Powder free, 4.0 mil, Extra Large, 1000/case from Laguna Scientific. Lab supplies and PPE. Volume pricing: 866-9-LAGUNA.",Business & Industrial > Medical > Medical Supplies > Disposable Gloves
nitrile-gloves-powder-free-4-0-mil-large-1000-case,"Nitrile Gloves, Powder Free, 4.0 mil, Large | Laguna Scientific","Nitrile Gloves, Powder Free, 4.0 mil, Large, 1000/case from Laguna Scientific. Lab supplies and PPE. Volume pricing: 866-9-LAGUNA.",Business & Industrial > Medical > Medical Supplies > Disposable Gloves
nitrile-gloves-powder-free-4-0-mil-medium-1000-case,"Nitrile Gloves, Powder Free, 4.0 mil, Medium | Laguna Scientific","Nitrile Gloves, Powder Free, 4.0 mil, Medium, 1000/case from Laguna Scientific. Lab supplies and PPE. Volume pricing: 866-9-LAGUNA.",Business & Industrial > Medical > Medical Supplies > Disposable Gloves
nitrile-gloves-powder-free-4-0-mil-small-1000-case,"Nitrile Gloves, Powder Free, 4.0 mil, Small | Laguna Scientific","Nitrile Gloves, Powder Free, 4.0 mil, Small, 1000/case from Laguna Scientific. Lab supplies and PPE. Volume pricing: 866-9-LAGUNA.",Business & Industrial > Medical > Medical Supplies > Disposable Gloves
disposable-latex-gloves-powder-free-1000-case-10-boxes-extra-large,"Disposable Latex Gloves, Powder-Free | Laguna Scientific","Disposable Latex Gloves, Powder-Free, 1000/case (10 boxes) from Laguna Scientific. Lab supplies and PPE. Volume pricing: 866-9-LAGUNA.",Business & Industrial > Medical > Medical Supplies > Disposable Gloves
disposable-latex-gloves-powder-free-1000-case-10-boxes-large,"Disposable Latex Gloves, Powder-Free | Laguna Scientific","Disposable Latex Gloves, Powder-Free, 1000/case (10 boxes) from Laguna Scientific. Lab supplies and PPE. Volume pricing: 866-9-LAGUNA.",Business & Industrial > Medical > Medical Supplies > Disposable Gloves
disposable-latex-gloves-powder-free-1000-case-10-boxes-medium,"Disposable Latex Gloves, Powder-Free | Laguna Scientific","Disposable Latex Gloves, Powder-Free, 1000/case (10 boxes) from Laguna Scientific. Lab supplies and PPE. Volume pricing: 866-9-LAGUNA.",Business & Industrial > Medical > Medical Supplies > Disposable Gloves
disposable-latex-gloves-powder-free-1000-case-10-boxes-small,"Disposable Latex Gloves, Powder-Free | Laguna Scientific","Disposable Latex Gloves, Powder-Free, 1000/case (10 boxes) from Laguna Scientific. Lab supplies and PPE. Volume pricing: 866-9-LAGUNA.",Business & Industrial > Medical > Medical Supplies > Disposable Gloves
disposable-latex-gloves-powder-free-1000-case-10-boxes-extra-small,"Disposable Latex Gloves, Powder-Free | Laguna Scientific","Disposable Latex Gloves, Powder-Free from Laguna Scientific. Lab supplies and PPE. Volume pricing: 866-9-LAGUNA.",Business & Industrial > Medical > Medical Supplies > Disposable Gloves
2-0-ml-screw-cap-tubes-sterile-500-bag,1.5 ml Attached Screw cap tubes with Silicone | Laguna Scientific,1.5 ml Attached Screw cap tubes with Silicone Gasket from Laguna Scientific. Lab supplies and PPE. Volume pricing: 866-9-LAGUNA.,Business & Industrial > Science & Laboratory > Laboratory Supplies > Test Tubes
2-0-ml-microcentrifuge-tubes-500-bag-1,2.0 ml Microcentrifuge Tubes 500/bag | Laguna Scientific,2.0 ml Microcentrifuge Tubes 500/bag from Laguna Scientific. Lab supplies and PPE. Volume pricing: 866-9-LAGUNA.,Business & Industrial > Science & Laboratory > Laboratory Supplies > Test Tubes
0-5-ml-microcentrifuge-tubes-1000-bag-1,0.5 ml Microcentrifuge Tubes 1000/bag | Laguna Scientific,0.5 ml Microcentrifuge Tubes 1000/bag from Laguna Scientific. Lab supplies and PPE. Volume pricing: 866-9-LAGUNA.,Business & Industrial > Science & Laboratory > Laboratory Supplies > Test Tubes
1-7-ml-microcentrifuge-tubes-1000-bag-1,1.7 ml Microcentrifuge Tubes 1000/bag | Laguna Scientific,1.7 ml Microcentrifuge Tubes 1000/bag from Laguna Scientific. Lab supplies and PPE. Volume pricing: 866-9-LAGUNA.,Business & Industrial > Science & Laboratory > Laboratory Supplies > Test Tubes
fastpette-pro-ultimate-pipette-controller-copy,AccuPette Motorized Pipette Controller | Laguna Scientific,AccuPette Motorized Pipette Controller from Laguna Scientific. Lab supplies and PPE. Volume pricing: 866-9-LAGUNA.,Business & Industrial > Science & Laboratory > Laboratory Supplies > Pipettes
ztest-prod2,ZTEST-PROD2 | Laguna Scientific,"ZTEST-PROD2 from Laguna Scientific. Lab supplies and PPE for research, clinical, and industrial labs. Volume pricing: 866-9-LAGUNA.",Business & Industrial > Science & Laboratory > Laboratory Supplies
ztest-prod1,ZTEST-PROD1 | Laguna Scientific,"ZTEST-PROD1 from Laguna Scientific. Lab supplies and PPE for research, clinical, and industrial labs. Volume pricing: 866-9-LAGUNA.",Business & Industrial > Science & Laboratory > Laboratory Supplies
z326-15-a7,Optional 7ml adapter for Sprint™8 Plus | Laguna Scientific,Optional 7ml adapter for Sprint™8 Plus from Laguna Scientific. Lab supplies and PPE. Volume pricing: 866-9-LAGUNA.,Business & Industrial > Science & Laboratory > Laboratory Supplies
z326-15-a5,Optional 5ml adapter for Sprint™8 Plus | Laguna Scientific,Optional 5ml adapter for Sprint™8 Plus from Laguna Scientific. Lab supplies and PPE. Volume pricing: 866-9-LAGUNA.,Business & Industrial > Science & Laboratory > Laboratory Supplies
t5000-a-is,T5000-A-IS | Laguna Scientific,"T5000-A-IS from Laguna Scientific. Lab supplies and PPE for research, clinical, and industrial labs. Volume pricing: 866-9-LAGUNA.",Business & Industrial > Science & Laboratory > Laboratory Supplies
t5000-384,T5000-384 | Laguna Scientific,"T5000-384 from Laguna Scientific. Lab supplies and PPE for research, clinical, and industrial labs. Volume pricing: 866-9-LAGUNA.",Business & Industrial > Science & Laboratory > Laboratory Supplies
sb0012-t5,Optional rack for 0.5 ml microtubes | Laguna Scientific,"Optional rack for 0.5 ml microtubes from Laguna Scientific. Lab supplies and PPE for research, clinical, and industrial labs. Volume pricing: 866-9-LAGUNA.",Business & Industrial > Science & Laboratory > Laboratory Supplies > Test Tubes
sb0012-t1520,Optional rack for 1.5/2.0 ml microtubes | Laguna Scientific,Optional rack for 1.5/2.0 ml microtubes from Laguna Scientific. Lab supplies and PPE. Volume pricing: 866-9-LAGUNA.,Business & Industrial > Science & Laboratory > Laboratory Supplies > Test Tubes
r4045-rp2,R4045-RP2 | Laguna Scientific,"R4045-RP2 from Laguna Scientific. Lab supplies and PPE for research, clinical, and industrial labs. Volume pricing: 866-9-LAGUNA.",Business & Industrial > Science & Laboratory > Laboratory Supplies
r4045,R4045 | Laguna Scientific,"R4045 from Laguna Scientific. Lab supplies and PPE for research, clinical, and industrial labs. Volume pricing: 866-9-LAGUNA.",Business & Industrial > Science & Laboratory > Laboratory Supplies
r4040-rp,R4040-RP | Laguna Scientific,"R4040-RP from Laguna Scientific. Lab supplies and PPE for research, clinical, and industrial labs. Volume pricing: 866-9-LAGUNA.",Business & Industrial > Science & Laboratory > Laboratory Supplies
r4040-hz50,R4040-HZ50 | Laguna Scientific,"R4040-HZ50 from Laguna Scientific. Lab supplies and PPE for research, clinical, and industrial labs. Volume pricing: 866-9-LAGUNA.",Business & Industrial > Science & Laboratory > Laboratory Supplies
r4040-hz15,R4040-HZ15 | Laguna Scientific,"R4040-HZ15 from Laguna Scientific. Lab supplies and PPE for research, clinical, and industrial labs. Volume pricing: 866-9-LAGUNA.",Business & Industrial > Science & Laboratory > Laboratory Supplies
r4040-500,R4040-500 | Laguna Scientific,"R4040-500 from Laguna Scientific. Lab supplies and PPE for research, clinical, and industrial labs. Volume pricing: 866-9-LAGUNA.",Business & Industrial > Science & Laboratory > Laboratory Supplies
r4040-1520,R4040-1520 | Laguna Scientific,"R4040-1520 from Laguna Scientific. Lab supplies and PPE for research, clinical, and industrial labs. Volume pricing: 866-9-LAGUNA.",Business & Industrial > Science & Laboratory > Laboratory Supplies
r4040-150,R4040-150 | Laguna Scientific,"R4040-150 from Laguna Scientific. Lab supplies and PPE for research, clinical, and industrial labs. Volume pricing: 866-9-LAGUNA.",Business & Industrial > Science & Laboratory > Laboratory Supplies
r4040,RotoBotâ Mini Programmable Rotator | Laguna Scientific,RotoBotâ Mini Programmable Rotator from Laguna Scientific. Lab supplies and PPE. Volume pricing: 866-9-LAGUNA.,Business & Industrial > Science & Laboratory > Laboratory Equipment
r3010,TubeRoller with 10 rollers | Laguna Scientific,"TubeRoller with 10 rollers from Laguna Scientific. Lab supplies and PPE for research, clinical, and industrial labs. Volume pricing: 866-9-LAGUNA.",Business & Industrial > Science & Laboratory > Laboratory Supplies > Test Tubes
r3005,TubeRoller with 5 rollers | Laguna Scientific,"TubeRoller with 5 rollers from Laguna Scientific. Lab supplies and PPE for research, clinical, and industrial labs. Volume pricing: 866-9-LAGUNA.",Business & Industrial > Science & Laboratory > Laboratory Supplies > Test Tubes
r2024,"Roto-Mini™ Plus Rotator, Variable Speed | Laguna Scientific","Roto-Mini™ Plus Rotator, Variable Speed from Laguna Scientific. Lab supplies and PPE. Volume pricing: 866-9-LAGUNA.",Business & Industrial > Science & Laboratory > Laboratory Equipment
r2020-rp,Mini rocking platform with rubber mat | Laguna Scientific,Mini rocking platform with rubber mat from Laguna Scientific. Lab supplies and PPE. Volume pricing: 866-9-LAGUNA.,Business & Industrial > Science & Laboratory > Laboratory Supplies
r2020-pcr,"Tube holder, 96 x 0.2ml, 12 x PCR strips or one PCR | Laguna Scientific","Tube holder, 96 x 0.2ml, 12 x PCR strips or one PCR plate from Laguna Scientific. Lab supplies and PPE. Volume pricing: 866-9-LAGUNA.",Business & Industrial > Science & Laboratory > Laboratory Supplies > Test Tubes
r2020-500,"Tube holder, 6 x 50ml (and 24 x 0.5ml) | Laguna Scientific","Tube holder, 6 x 50ml (and 24 x 0.5ml), 1 each (included) from Laguna Scientific. Lab supplies and PPE. Volume pricing: 866-9-LAGUNA.",Business & Industrial > Science & Laboratory > Laboratory Supplies > Test Tubes
r2020-1520,"Tube holder, 11 x 1.5/2.0ml, 2/pk (1 pack included) | Laguna Scientific","Tube holder, 11 x 1.5/2.0ml, 2/pk (1 pack included) from Laguna Scientific. Lab supplies and PPE. Volume pricing: 866-9-LAGUNA.",Business & Industrial > Science & Laboratory > Laboratory Supplies > Test Tubes
r2020-150,"Tube holder, 5 x 10-15ml, 2/pk (1 pack included) | Laguna Scientific","Tube holder, 5 x 10-15ml, 2/pk (1 pack included) from Laguna Scientific. Lab supplies and PPE. Volume pricing: 866-9-LAGUNA.",Business & Industrial > Science & Laboratory > Laboratory Supplies > Test Tubes
r2020-0507,"Tube holder, 5 x 5-7ml, 2/pk (1 pack included) | Laguna Scientific","Tube holder, 5 x 5-7ml, 2/pk (1 pack included) from Laguna Scientific. Lab supplies and PPE. Volume pricing: 866-9-LAGUNA.",Business & Industrial > Science & Laboratory > Laboratory Supplies > Test Tubes
r2020,"RotoMini™ Tube Rotator, Fixed Speed | Laguna Scientific","RotoMini™ Tube Rotator, Fixed Speed from Laguna Scientific. Lab supplies and PPE for research, clinical, and industrial labs. Volume pricing: 866-9-LAGUNA.",Business & Industrial > Science & Laboratory > Laboratory Supplies > Test Tubes
r1000,CoolCube™ Microtube and PCR Plate Cooler | Laguna Scientific,CoolCube™ Microtube and PCR Plate Cooler from Laguna Scientific. Lab supplies and PPE. Volume pricing: 866-9-LAGUNA.,Business & Industrial > Science & Laboratory > Laboratory Supplies > Test Tubes
m2100,Benchmark Scientific M2100 Tube Rocker for | Laguna Scientific,Benchmark Scientific M2100 Tube Rocker for Laboratory Tubes from Laguna Scientific. Lab supplies and PPE. Volume pricing: 866-9-LAGUNA.,Business & Industrial > Science & Laboratory > Laboratory Supplies > Test Tubes
ips7101-group,Benchmark™ Industrial High-Capacity Stirrers | Laguna Scientific,Benchmark™ Industrial High-Capacity Stirrers from Laguna Scientific. Lab supplies and PPE. Volume pricing: 866-9-LAGUNA.,Business & Industrial > Science & Laboratory > Laboratory Equipment
ips7101-50,50 Liter Industrial High Capacity Stirrer | Laguna Scientific,50 Liter Industrial High Capacity Stirrer from Laguna Scientific. Lab supplies and PPE. Volume pricing: 866-9-LAGUNA.,Business & Industrial > Science & Laboratory > Laboratory Equipment
ips7101-150,150 Liter Industrial High Capacity Stirrer | Laguna Scientific,150 Liter Industrial High Capacity Stirrer from Laguna Scientific. Lab supplies and PPE. Volume pricing: 866-9-LAGUNA.,Business & Industrial > Science & Laboratory > Laboratory Equipment
ips7000-5,Industrial 5i-Position Hotplate Stirrer | Laguna Scientific,Industrial 5i-Position Hotplate Stirrer from Laguna Scientific. Lab supplies and PPE. Volume pricing: 866-9-LAGUNA.,Business & Industrial > Science & Laboratory > Laboratory Equipment
ips7000-10,Industrial 10-Position Hotplate Stirrers | Laguna Scientific,Industrial 10-Position Hotplate Stirrers from Laguna Scientific. Lab supplies and PPE. Volume pricing: 866-9-LAGUNA.,Business & Industrial > Science & Laboratory > Laboratory Equipment
ips2050-p-t4,"4 Arm Propeller, PTFE | Laguna Scientific","4 Arm Propeller, PTFE from Laguna Scientific. Lab supplies and PPE for research, clinical, and industrial labs. Volume pricing: 866-9-LAGUNA.",Business & Industrial > Science & Laboratory > Laboratory Supplies
ips2050-p-t3,"Paddle w/flat holes, PTFE | Laguna Scientific","Paddle w/flat holes, PTFE from Laguna Scientific. Lab supplies and PPE for research, clinical, and industrial labs. Volume pricing: 866-9-LAGUNA.",Business & Industrial > Science & Laboratory > Laboratory Supplies
ips2050-p-t2,"Centrifugal impeller, PTFE | Laguna Scientific","Centrifugal impeller, PTFE from Laguna Scientific. Lab supplies and PPE for research, clinical, and industrial labs. Volume pricing: 866-9-LAGUNA.",Business & Industrial > Science & Laboratory > Laboratory Supplies
ips2050-p-t1,"One line propeller, PTFE | Laguna Scientific","One line propeller, PTFE from Laguna Scientific. Lab supplies and PPE for research, clinical, and industrial labs. Volume pricing: 866-9-LAGUNA.",Business & Industrial > Science & Laboratory > Laboratory Supplies
ips2050-p-s4,"4 Arm Propeller, Stainless Steel | Laguna Scientific","4 Arm Propeller, Stainless Steel from Laguna Scientific. Lab supplies and PPE for research, clinical, and industrial labs. Volume pricing: 866-9-LAGUNA.",Business & Industrial > Science & Laboratory > Laboratory Supplies
ipd9600-ck,"Cryo Kit, contains bucket, gloves, goggles and tongs | Laguna Scientific","Cryo Kit, contains bucket, gloves, goggles and tongs from Laguna Scientific. Lab supplies and PPE. Volume pricing: 866-9-LAGUNA.",Business & Industrial > Medical > Medical Supplies > Disposable Gloves
ipd9600-bd5,96 well ball dropper for 5mm balls | Laguna Scientific,"96 well ball dropper for 5mm balls from Laguna Scientific. Lab supplies and PPE for research, clinical, and industrial labs. Volume pricing: 866-9-LAGUNA.",Business & Industrial > Science & Laboratory > Laboratory Supplies
ipd9600-bd4,96 well ball dropper for 4mm balls | Laguna Scientific,"96 well ball dropper for 4mm balls from Laguna Scientific. Lab supplies and PPE for research, clinical, and industrial labs. Volume pricing: 866-9-LAGUNA.",Business & Industrial > Science & Laboratory > Laboratory Supplies
ipd9600-bd28,96 well ball dropper for 2.8mm balls | Laguna Scientific,96 well ball dropper for 2.8mm balls from Laguna Scientific. Lab supplies and PPE. Volume pricing: 866-9-LAGUNA.,Business & Industrial > Science & Laboratory > Laboratory Supplies
ipd9600-96a2,"Tube rack for 96 well adapter 20 x 2.0ml, pack of 2 | Laguna Scientific","Tube rack for 96 well adapter 20 x 2.0ml, pack of 2 from Laguna Scientific. Lab supplies and PPE. Volume pricing: 866-9-LAGUNA.",Business & Industrial > Science & Laboratory > Laboratory Supplies > Test Tubes
ipd9600-96,"Tube rack for 96 well adapter 20 x 2.0ml, pack of 2 | Laguna Scientific","Tube rack for 96 well adapter 20 x 2.0ml, pack of 2 from Laguna Scientific. Lab supplies and PPE. Volume pricing: 866-9-LAGUNA.",Business & Industrial > Science & Laboratory > Laboratory Supplies > Test Tubes
ipd9600-50t,"Adapter for 4x50ml tubes, set of 2 | Laguna Scientific","Adapter for 4x50ml tubes, set of 2 from Laguna Scientific. Lab supplies and PPE for research, clinical, and industrial labs. Volume pricing: 866-9-LAGUNA.",Business & Industrial > Science & Laboratory > Laboratory Supplies > Test Tubes
ipd9600-50g,"Replacement gasket for IPD9600-50S, each | Laguna Scientific","Replacement gasket for IPD9600-50S, each from Laguna Scientific. Lab supplies and PPE. Volume pricing: 866-9-LAGUNA.",Business & Industrial > Science & Laboratory > Laboratory Supplies
ipd9600-4pc,"4ml polycarbonate vial, bag of 240 | Laguna Scientific","4ml polycarbonate vial, bag of 240 from Laguna Scientific. Lab supplies and PPE. Volume pricing: 866-9-LAGUNA.",Business & Industrial > Science & Laboratory > Laboratory Supplies
ipd9600-48,"Adapter for 48/4ml PC or PE vials, set of 2 | Laguna Scientific","Adapter for 48/4ml PC or PE vials, set of 2, aluminum from Laguna Scientific. Lab supplies and PPE. Volume pricing: 866-9-LAGUNA.",Business & Industrial > Science & Laboratory > Laboratory Supplies
ipd9600-3858-1,"Ceramic grinding bars 3/8X5/8, 45° | Laguna Scientific","Ceramic grinding bars 3/8X5/8, 45° from Laguna Scientific. Lab supplies and PPE for research, clinical, and industrial labs. Volume pricing: 866-9-LAGUNA.",Business & Industrial > Science & Laboratory > Laboratory Equipment
ipd9600-35zo,"Zirconium Oxide jar 35ml, set of 2 | Laguna Scientific","Zirconium Oxide jar 35ml, set of 2 from Laguna Scientific. Lab supplies and PPE for research, clinical, and industrial labs. Volume pricing: 866-9-LAGUNA.",Business & Industrial > Science & Laboratory > Laboratory Supplies
ipd9600-25bs,"25mm stainless steel grinding ball, each | Laguna Scientific","25mm stainless steel grinding ball, each from Laguna Scientific. Lab supplies and PPE. Volume pricing: 866-9-LAGUNA.",Business & Industrial > Science & Laboratory > Laboratory Supplies
ipd9600-10bs,"10mm stainless steel grinding ball, each | Laguna Scientific","10mm stainless steel grinding ball, each from Laguna Scientific. Lab supplies and PPE. Volume pricing: 866-9-LAGUNA.",Business & Industrial > Science & Laboratory > Laboratory Supplies
h6004,Incu-mixer™ MP Heated Microplate Vortexer Series | Laguna Scientific,Incu-mixer™ MP Heated Microplate Vortexer Series from Laguna Scientific. Lab supplies and PPE. Volume pricing: 866-9-LAGUNA.,Business & Industrial > Science & Laboratory > Laboratory Equipment
h6002,Incu-mixer™ MP Heated Microplate Vortexer | Laguna Scientific,"Incu-mixer™ MP Heated Microplate Vortexer, 2 position from Laguna Scientific. Lab supplies and PPE. Volume pricing: 866-9-LAGUNA.",Business & Industrial > Science & Laboratory > Laboratory Equipment
h5100-hl,Heated lid for MultiTherm Touch | Laguna Scientific,"Heated lid for MultiTherm Touch from Laguna Scientific. Lab supplies and PPE for research, clinical, and industrial labs. Volume pricing: 866-9-LAGUNA.",Business & Industrial > Science & Laboratory > Laboratory Supplies
h5100-cmb,"Combination block, 15x0.5ml and 20x1.5ml | Laguna Scientific","Combination block, 15x0.5ml and 20x1.5ml from Laguna Scientific. Lab supplies and PPE. Volume pricing: 866-9-LAGUNA.",Business & Industrial > Science & Laboratory > Laboratory Supplies
h5100-500,"Block, 4x50ml | Laguna Scientific","Block, 4x50ml from Laguna Scientific. Lab supplies and PPE for research, clinical, and industrial labs. Volume pricing: 866-9-LAGUNA.",Business & Industrial > Science & Laboratory > Laboratory Supplies
h5100-20,"Block, 35x2ml | Laguna Scientific","Block, 35x2ml from Laguna Scientific. Lab supplies and PPE for research, clinical, and industrial labs. Volume pricing: 866-9-LAGUNA.",Business & Industrial > Science & Laboratory > Laboratory Supplies
h5100-150,"Block, 8x15ml | Laguna Scientific","Block, 8x15ml from Laguna Scientific. Lab supplies and PPE for research, clinical, and industrial labs. Volume pricing: 866-9-LAGUNA.",Business & Industrial > Science & Laboratory > Laboratory Supplies
h5100-15,"Block, 35x1.5ml | Laguna Scientific","Block, 35x1.5ml from Laguna Scientific. Lab supplies and PPE for research, clinical, and industrial labs. Volume pricing: 866-9-LAGUNA.",Business & Industrial > Science & Laboratory > Laboratory Supplies
h5100-05,"Block, 35x0.5ml | Laguna Scientific","Block, 35x0.5ml from Laguna Scientific. Lab supplies and PPE for research, clinical, and industrial labs. Volume pricing: 866-9-LAGUNA.",Business & Industrial > Science & Laboratory > Laboratory Supplies
h5000-wb,"Block, for liquids, beads, etc. (chamber: 4 x 2.6 x | Laguna Scientific","Block, for liquids, beads, etc. (chamber: 4 x 2.6 x 1"") from Laguna Scientific. Lab supplies and PPE. Volume pricing: 866-9-LAGUNA.",Business & Industrial > Science & Laboratory > Laboratory Supplies
h5000-mp,"Block, 1 x microplate (Ambi.-10° to 60°C) | Laguna Scientific","Block, 1 x microplate (Ambi.-10° to 60°C) from Laguna Scientific. Lab supplies and PPE. Volume pricing: 866-9-LAGUNA.",Business & Industrial > Science & Laboratory > Laboratory Supplies
h5000-dwmp,"Block, 1 x deep well microplate (max. height, 54 mm) | Laguna Scientific","Block, 1 x deep well microplate (max. height, 54 mm) from Laguna Scientific. Lab supplies and PPE. Volume pricing: 866-9-LAGUNA.",Business & Industrial > Science & Laboratory > Laboratory Supplies
h5000-cu,"Block, custom drilled, for tubes/vials up to 40 mm | Laguna Scientific","Block, custom drilled, for tubes/vials up to 40 mm tall from Laguna Scientific. Lab supplies and PPE. Volume pricing: 866-9-LAGUNA.",Business & Industrial > Science & Laboratory > Laboratory Supplies > Test Tubes
h5000-cmb,"Block, combination, 15 x 0.5 ml & 20 x 1.5 ml | Laguna Scientific","Block, combination, 15 x 0.5 ml & 20 x 1.5 ml from Laguna Scientific. Lab supplies and PPE. Volume pricing: 866-9-LAGUNA.",Business & Industrial > Science & Laboratory > Laboratory Supplies
h5000-5mt,"Block, 15 x 5 ml centrifuge tubes (conical) | Laguna Scientific","Block, 15 x 5 ml centrifuge tubes (conical) from Laguna Scientific. Lab supplies and PPE. Volume pricing: 866-9-LAGUNA.",Business & Industrial > Science & Laboratory > Laboratory Supplies > Test Tubes
h5000-500,"Block, 6 x 50 ml (200-750 rpm/Ambi.-10° to 100°C) | Laguna Scientific","Block, 6 x 50 ml (200-750 rpm/Ambi.-10° to 100°C) from Laguna Scientific. Lab supplies and PPE. Volume pricing: 866-9-LAGUNA.",Business & Industrial > Science & Laboratory > Laboratory Supplies
h5000-20,"Block, 35 x 2.0 ml | Laguna Scientific","Block, 35 x 2.0 ml from Laguna Scientific. Lab supplies and PPE for research, clinical, and industrial labs. Volume pricing: 866-9-LAGUNA.",Business & Industrial > Science & Laboratory > Laboratory Supplies
h5000-150,"Block, 12 x 15 ml (200-750 rpm/Ambi.-10°C to 100°C) | Laguna Scientific","Block, 12 x 15 ml (200-750 rpm/Ambi.-10°C to 100°C) from Laguna Scientific. Lab supplies and PPE. Volume pricing: 866-9-LAGUNA.",Business & Industrial > Science & Laboratory > Laboratory Supplies
h5000-15,"Block, 35 x 1.5 ml | Laguna Scientific","Block, 35 x 1.5 ml from Laguna Scientific. Lab supplies and PPE for research, clinical, and industrial labs. Volume pricing: 866-9-LAGUNA.",Business & Industrial > Science & Laboratory > Laboratory Supplies
h5000-1232,"Block, 24 x 2 ml HPLC / Autosampler vials (12 x 28 | Laguna Scientific","Block, 24 x 2 ml HPLC / Autosampler vials (12 x 28 mm) from Laguna Scientific. Lab supplies and PPE. Volume pricing: 866-9-LAGUNA.",Business & Industrial > Science & Laboratory > Laboratory Supplies
h5000-12,"Block, 24 x 12 mm (200-1200 rom/Ambi.-10°C to 100°C) | Laguna Scientific","Block, 24 x 12 mm (200-1200 rom/Ambi.-10°C to 100°C) from Laguna Scientific. Lab supplies and PPE. Volume pricing: 866-9-LAGUNA.",Business & Industrial > Science & Laboratory > Laboratory Supplies
h5000-05,"Block, 54 x 0.5 ml | Laguna Scientific","Block, 54 x 0.5 ml from Laguna Scientific. Lab supplies and PPE for research, clinical, and industrial labs. Volume pricing: 866-9-LAGUNA.",Business & Industrial > Science & Laboratory > Laboratory Supplies
h5000-02,"Block, 96 x 0.2 ml or 1 PCR | Laguna Scientific","Block, 96 x 0.2 ml or 1 PCR from Laguna Scientific. Lab supplies and PPE for research, clinical, and industrial labs. Volume pricing: 866-9-LAGUNA.",Business & Industrial > Science & Laboratory > Laboratory Supplies
h4000-s,Benchmark Magnetic Stirrer | Laguna Scientific,"Benchmark Magnetic Stirrer from Laguna Scientific. Lab supplies and PPE for research, clinical, and industrial labs. Volume pricing: 866-9-LAGUNA.",Business & Industrial > Science & Laboratory > Laboratory Equipment
h4000-hs,Hotplate Magnetic Stirrer | Laguna Scientific,"Hotplate Magnetic Stirrer from Laguna Scientific. Lab supplies and PPE for research, clinical, and industrial labs. Volume pricing: 866-9-LAGUNA.",Business & Industrial > Science & Laboratory > Laboratory Equipment
h4000-h,Benchmark Hotplate | Laguna Scientific,"Benchmark Hotplate from Laguna Scientific. Lab supplies and PPE for research, clinical, and industrial labs. Volume pricing: 866-9-LAGUNA.",Business & Industrial > Science & Laboratory > Laboratory Supplies
h3d1020,"Mini nutating rocker, 6x8"" platform,115V | Laguna Scientific","Mini nutating rocker, 6x8"" platform,115V from Laguna Scientific. Lab supplies and PPE. Volume pricing: 866-9-LAGUNA.",Business & Industrial > Science & Laboratory > Laboratory Equipment
h3770-s,Benchmark Digital Magnetic Stirrer | Laguna Scientific,"Benchmark Digital Magnetic Stirrer from Laguna Scientific. Lab supplies and PPE for research, clinical, and industrial labs. Volume pricing: 866-9-LAGUNA.",Business & Industrial > Science & Laboratory > Laboratory Equipment
h3770-hs,"Digital Hotplate Stirrer, 7 in x 7 in, 115 V | Laguna Scientific","Digital Hotplate Stirrer, 7 in x 7 in, 115 V from Laguna Scientific. Lab supplies and PPE. Volume pricing: 866-9-LAGUNA.",Business & Industrial > Science & Laboratory > Laboratory Equipment
h3770-h,H3770-H | Laguna Scientific,"H3770-H from Laguna Scientific. Lab supplies and PPE for research, clinical, and industrial labs. Volume pricing: 866-9-LAGUNA.",Business & Industrial > Science & Laboratory > Laboratory Supplies
h3710-s,"Digital Magnetic Stirrer, 10x10"" | Laguna Scientific","Digital Magnetic Stirrer, 10x10"" from Laguna Scientific. Lab supplies and PPE for research, clinical, and industrial labs. Volume pricing: 866-9-LAGUNA.",Business & Industrial > Science & Laboratory > Laboratory Equipment
h3710-hs,"Digital Hotplate Stirrer, 10x10"" | Laguna Scientific","Digital Hotplate Stirrer, 10x10"" from Laguna Scientific. Lab supplies and PPE for research, clinical, and industrial labs. Volume pricing: 866-9-LAGUNA.",Business & Industrial > Science & Laboratory > Laboratory Equipment
h3710-h,"Digital Hotplate, 10x10"" | Laguna Scientific","Digital Hotplate, 10x10"" from Laguna Scientific. Lab supplies and PPE for research, clinical, and industrial labs. Volume pricing: 866-9-LAGUNA.",Business & Industrial > Science & Laboratory > Laboratory Supplies
h3565-45-lci,"IncuView™ Integrated Microscope Shelf, 45 Liter | Laguna Scientific","IncuView™ Integrated Microscope Shelf, 45 Liter from Laguna Scientific. Lab supplies and PPE. Volume pricing: 866-9-LAGUNA.",Business & Industrial > Science & Laboratory > Laboratory Supplies
h3565-45,"SureTherm CO₂ Incubator 45 Liter, with two shelves | Laguna Scientific","SureTherm CO₂ Incubator 45 Liter, with two shelves from Laguna Scientific. Lab supplies and PPE. Volume pricing: 866-9-LAGUNA.",Business & Industrial > Science & Laboratory > Laboratory Equipment
h3565-180-lci,"IncuView™ Integrated Microscope Shelf, 180 Liter | Laguna Scientific","IncuView™ Integrated Microscope Shelf, 180 Liter from Laguna Scientific. Lab supplies and PPE. Volume pricing: 866-9-LAGUNA.",Business & Industrial > Science & Laboratory > Laboratory Supplies
h3565-180hdo2,"SureTherm CO₂ Incubator, 180 Liter with High Heat | Laguna Scientific","SureTherm CO₂ Incubator, 180 Liter with High Heat from Laguna Scientific. Lab supplies and PPE. Volume pricing: 866-9-LAGUNA.",Business & Industrial > Science & Laboratory > Laboratory Equipment
h3565-180,SureTherm CO₂ Incubator 180 Liter | Laguna Scientific,"SureTherm CO₂ Incubator 180 Liter, with three shelves from Laguna Scientific. Lab supplies and PPE. Volume pricing: 866-9-LAGUNA.",Business & Industrial > Science & Laboratory > Laboratory Equipment
h3551-45p,"ST-45 Plus CO2 Incubator, 45L, with 2 shelves | Laguna Scientific","ST-45 Plus CO2 Incubator, 45L, with 2 shelves from Laguna Scientific. Lab supplies and PPE. Volume pricing: 866-9-LAGUNA.",Business & Industrial > Science & Laboratory > Laboratory Equipment
h3551-180p,"ST-180 Plus CO2 Incubator, 180L, with 3 shelves | Laguna Scientific","ST-180 Plus CO2 Incubator, 180L, with 3 shelves from Laguna Scientific. Lab supplies and PPE. Volume pricing: 866-9-LAGUNA.",Business & Industrial > Science & Laboratory > Laboratory Equipment
h3550-45-sk,Stacking kit for 45 liter incubator Quantity | Laguna Scientific,Stacking kit for 45 liter incubator Quantity from Laguna Scientific. Lab supplies and PPE. Volume pricing: 866-9-LAGUNA.,Business & Industrial > Science & Laboratory > Laboratory Equipment
h3550-45-sh,"Additional Shelf for 45 liter incubators, 1 each | Laguna Scientific","Additional Shelf for 45 liter incubators, 1 each from Laguna Scientific. Lab supplies and PPE. Volume pricing: 866-9-LAGUNA.",Business & Industrial > Science & Laboratory > Laboratory Equipment
h3550-45,"ST-45 Plus CO2 Incubator, 45L, with 2 shelves | Laguna Scientific","ST-45 Plus CO2 Incubator, 45L, with 2 shelves from Laguna Scientific. Lab supplies and PPE. Volume pricing: 866-9-LAGUNA.",Business & Industrial > Science & Laboratory > Laboratory Equipment
h3550-180-sk,Stacking kit for 180 liter incubator | Laguna Scientific,Stacking kit for 180 liter incubator from Laguna Scientific. Lab supplies and PPE. Volume pricing: 866-9-LAGUNA.,Business & Industrial > Science & Laboratory > Laboratory Equipment
h2505-70sh,"Extra shelf, stainless steel for H2505-70 | Laguna Scientific","Extra shelf, stainless steel for H2505-70 from Laguna Scientific. Lab supplies and PPE. Volume pricing: 866-9-LAGUNA.",Business & Industrial > Science & Laboratory > Laboratory Supplies
h2505-70,"SureTemp™ Dual Convection Incubator, 70L | Laguna Scientific","SureTemp™ Dual Convection Incubator, 70L from Laguna Scientific. Lab supplies and PPE. Volume pricing: 866-9-LAGUNA.",Business & Industrial > Science & Laboratory > Laboratory Equipment
h2505-40,"SureTemp™ Dual Convection Incubator, 40L | Laguna Scientific","SureTemp™ Dual Convection Incubator, 40L from Laguna Scientific. Lab supplies and PPE. Volume pricing: 866-9-LAGUNA.",Business & Industrial > Science & Laboratory > Laboratory Equipment
h2505-130,"SureTemp™ Dual Convection Incubator, 130L | Laguna Scientific","SureTemp™ Dual Convection Incubator, 130L from Laguna Scientific. Lab supplies and PPE. Volume pricing: 866-9-LAGUNA.",Business & Industrial > Science & Laboratory > Laboratory Equipment
h2300-sh,"Extra Shelf, 10.5 x 8 in. Stainless steel | Laguna Scientific","Extra Shelf, 10.5 x 8 in. Stainless steel (autoclavable) from Laguna Scientific. Lab supplies and PPE. Volume pricing: 866-9-LAGUNA.",Business & Industrial > Science & Laboratory > Laboratory Supplies
h2265-sh,"Extra shelf, stainless steel for H2265-HC | Laguna Scientific","Extra shelf, stainless steel for H2265-HC from Laguna Scientific. Lab supplies and PPE. Volume pricing: 866-9-LAGUNA.",Business & Industrial > Science & Laboratory > Laboratory Supplies
h2200-sh,"Extra shelf, 10.5 x 8 in. plastic (not autoclavable) | Laguna Scientific","Extra shelf, 10.5 x 8 in. plastic (not autoclavable) from Laguna Scientific. Lab supplies and PPE. Volume pricing: 866-9-LAGUNA.",Business & Industrial > Science & Laboratory > Laboratory Supplies
h2200-hc,"myTemp™ Mini, heat & cool (ambient -15 to 60°C) | Laguna Scientific","myTemp™ Mini, heat & cool (ambient -15 to 60°C) from Laguna Scientific. Lab supplies and PPE. Volume pricing: 866-9-LAGUNA.",Business & Industrial > Science & Laboratory > Laboratory Supplies
h2024,Roto-Therm™ Plus Incubated Rotator (variable speed) | Laguna Scientific,Roto-Therm™ Plus Incubated Rotator (variable speed) with from Laguna Scientific. Lab supplies and PPE. Volume pricing: 866-9-LAGUNA.,Business & Industrial > Science & Laboratory > Laboratory Supplies > Test Tubes
h2020,Roto-Therm™ Incubated Rotator with Tube Holders | Laguna Scientific,Roto-Therm™ Incubated Rotator with Tube Holders from Laguna Scientific. Lab supplies and PPE. Volume pricing: 866-9-LAGUNA.,Business & Industrial > Science & Laboratory > Laboratory Supplies > Test Tubes
h1010-sh,"Shelf, 14 x 5.5"" for Petri dishes, plates, trays | Laguna Scientific","Shelf, 14 x 5.5"" for Petri dishes, plates, trays, etc. from Laguna Scientific. Lab supplies and PPE. Volume pricing: 866-9-LAGUNA.",Business & Industrial > Science & Laboratory > Laboratory Supplies
h1010-p-sp,Universal Spring Platform | Laguna Scientific,"Universal Spring Platform from Laguna Scientific. Lab supplies and PPE for research, clinical, and industrial labs. Volume pricing: 866-9-LAGUNA.",Business & Industrial > Science & Laboratory > Laboratory Supplies
h1010-p-mp,"Platform, holds 6 standard micro plates | Laguna Scientific","Platform, holds 6 standard micro plates from Laguna Scientific. Lab supplies and PPE. Volume pricing: 866-9-LAGUNA.",Business & Industrial > Science & Laboratory > Laboratory Supplies
h1010-mr,"MAGic Clamp™ Universal Platform 18 x 18"" (for | Laguna Scientific","MAGic Clamp™ Universal Platform 18 x 18"" (for flasks/tubes) from Laguna Scientific. Lab supplies and PPE. Volume pricing: 866-9-LAGUNA.",Business & Industrial > Science & Laboratory > Laboratory Supplies > Test Tubes
h1000-p-mp,"Dedicated Platform, holds 4 standard micro plates | Laguna Scientific","Dedicated Platform, holds 4 standard micro plates from Laguna Scientific. Lab supplies and PPE. Volume pricing: 866-9-LAGUNA.",Business & Industrial > Science & Laboratory > Laboratory Supplies
h1000-p-500,"Dedicated Platform, 5 x 500ml Erlenmeyer flasks | Laguna Scientific","Dedicated Platform, 5 x 500ml Erlenmeyer flasks from Laguna Scientific. Lab supplies and PPE. Volume pricing: 866-9-LAGUNA.",Business & Industrial > Science & Laboratory > Laboratory Supplies
h1000-p-250,"Dedicated Platform, 8 x 250ml Erlenmeyer flasks | Laguna Scientific","Dedicated Platform, 8 x 250ml Erlenmeyer flasks from Laguna Scientific. Lab supplies and PPE. Volume pricing: 866-9-LAGUNA.",Business & Industrial > Science & Laboratory > Laboratory Supplies
h1000-p-125,"Dedicated Platform, 12 x 125ml Erlenmeyer flasks | Laguna Scientific","Dedicated Platform, 12 x 125ml Erlenmeyer flasks from Laguna Scientific. Lab supplies and PPE. Volume pricing: 866-9-LAGUNA.",Business & Industrial > Science & Laboratory > Laboratory Supplies
h1000-mr-tsr,MAGic Clamp™ tilted holder for 15mL and 50mL tube | Laguna Scientific,MAGic Clamp™ tilted holder for 15mL and 50mL tube racks from Laguna Scientific. Lab supplies and PPE. Volume pricing: 866-9-LAGUNA.,Business & Industrial > Science & Laboratory > Laboratory Supplies > Test Tubes
h1000-mr-t600,"MAGic Clamp™ Tube Rack, 4x500ml or 600ml conical | Laguna Scientific","MAGic Clamp™ Tube Rack, 4x500ml or 600ml conical bottles from Laguna Scientific. Lab supplies and PPE. Volume pricing: 866-9-LAGUNA.",Business & Industrial > Science & Laboratory > Laboratory Supplies > Test Tubes
h1000-mr-t500h,"MAGic Clamp™ Tube Rack, 2 x 50ml tubes, horizontal | Laguna Scientific","MAGic Clamp™ Tube Rack, 2 x 50ml tubes, horizontal from Laguna Scientific. Lab supplies and PPE. Volume pricing: 866-9-LAGUNA.",Business & Industrial > Science & Laboratory > Laboratory Supplies > Test Tubes
h1000-mr-t50,"MAGic Clamp™ Tube Rack, 15 x 50ml | Laguna Scientific","MAGic Clamp™ Tube Rack, 15 x 50ml from Laguna Scientific. Lab supplies and PPE for research, clinical, and industrial labs. Volume pricing: 866-9-LAGUNA.",Business & Industrial > Science & Laboratory > Laboratory Supplies > Test Tubes
h1000-mr-t150h,"MAGic Clamp™ Tube Rack, 4 x 15ml tubes, horizontal | Laguna Scientific","MAGic Clamp™ Tube Rack, 4 x 15ml tubes, horizontal from Laguna Scientific. Lab supplies and PPE. Volume pricing: 866-9-LAGUNA.",Business & Industrial > Science & Laboratory > Laboratory Supplies > Test Tubes
h1000-mr-t15,"MAGic Clamp™ Tube Rack, 32x15ml, tubes (max. 8) | Laguna Scientific","MAGic Clamp™ Tube Rack, 32x15ml, tubes (max. 8) from Laguna Scientific. Lab supplies and PPE. Volume pricing: 866-9-LAGUNA.",Business & Industrial > Science & Laboratory > Laboratory Supplies > Test Tubes
h1000-mr-t14,"MAGic Clamp™ Tube Rack, 72x14mm culture tubes | Laguna Scientific","MAGic Clamp™ Tube Rack, 72x14mm culture tubes from Laguna Scientific. Lab supplies and PPE. Volume pricing: 866-9-LAGUNA.",Business & Industrial > Science & Laboratory > Laboratory Supplies > Test Tubes
h1000-mr-mp,"MAGic Clamp™ magnetic clamp, one microplate | Laguna Scientific","MAGic Clamp™ magnetic clamp, one microplate from Laguna Scientific. Lab supplies and PPE. Volume pricing: 866-9-LAGUNA.",Business & Industrial > Science & Laboratory > Laboratory Supplies
h1000-mr-cmb,"MAGic Clamp™ COMBO, for 125ml, 250ml, 500ml flasks | Laguna Scientific","MAGic Clamp™ COMBO, for 125ml, 250ml, 500ml flasks from Laguna Scientific. Lab supplies and PPE. Volume pricing: 866-9-LAGUNA.",Business & Industrial > Science & Laboratory > Laboratory Supplies
h1000-mr-500,"MAGic Clamp™ magnetic clamp, 500ml Erlenmeyer | Laguna Scientific","MAGic Clamp™ magnetic clamp, 500ml Erlenmeyer from Laguna Scientific. Lab supplies and PPE. Volume pricing: 866-9-LAGUNA.",Business & Industrial > Science & Laboratory > Laboratory Supplies
h1000-mr-50,"MAGic Clamp™ magnetic clamp, 50ml Erlenmeyer | Laguna Scientific","MAGic Clamp™ magnetic clamp, 50ml Erlenmeyer from Laguna Scientific. Lab supplies and PPE. Volume pricing: 866-9-LAGUNA.",Business & Industrial > Science & Laboratory > Laboratory Supplies
h1000-mr-3000,"MAGic Clamp™ magnetic clamp, 2.8/3L Erlenmeyer | Laguna Scientific","MAGic Clamp™ magnetic clamp, 2.8/3L Erlenmeyer from Laguna Scientific. Lab supplies and PPE. Volume pricing: 866-9-LAGUNA.",Business & Industrial > Science & Laboratory > Laboratory Supplies
h1000-mr-250,"MAGic Clamp™ magnetic clamp, 250ml Erlenmeyer | Laguna Scientific","MAGic Clamp™ magnetic clamp, 250ml Erlenmeyer from Laguna Scientific. Lab supplies and PPE. Volume pricing: 866-9-LAGUNA.",Business & Industrial > Science & Laboratory > Laboratory Supplies
h1000-mr-2000,MAGic Clamp™ magnetic clamp | Laguna Scientific,"MAGic Clamp™ magnetic clamp, 2000ml Erlenmeyer (max. 5) from Laguna Scientific. Lab supplies and PPE. Volume pricing: 866-9-LAGUNA.",Business & Industrial > Science & Laboratory > Laboratory Supplies
h1000-mr-1550,"MAGic Clamp™ Tube Rack, 30 x 15ml, 20 x 50ml tubes | Laguna Scientific","MAGic Clamp™ Tube Rack, 30 x 15ml, 20 x 50ml tubes from Laguna Scientific. Lab supplies and PPE. Volume pricing: 866-9-LAGUNA.",Business & Industrial > Science & Laboratory > Laboratory Supplies > Test Tubes
h1000-mr-125,"MAGic Clamp™ Tube Rack, 30 x 15ml, 20 x 50ml tubes | Laguna Scientific","MAGic Clamp™ Tube Rack, 30 x 15ml, 20 x 50ml tubes from Laguna Scientific. Lab supplies and PPE. Volume pricing: 866-9-LAGUNA.",Business & Industrial > Science & Laboratory > Laboratory Supplies > Test Tubes
h1000-mr-1000,"MAGic Clamp™ magnetic clamp, 1000ml Erlenmeyer | Laguna Scientific","MAGic Clamp™ magnetic clamp, 1000ml Erlenmeyer from Laguna Scientific. Lab supplies and PPE. Volume pricing: 866-9-LAGUNA.",Business & Industrial > Science & Laboratory > Laboratory Supplies
drychill™-group,DryChill™-GROUP | Laguna Scientific,"DryChill™-GROUP from Laguna Scientific. Lab supplies and PPE for research, clinical, and industrial labs. Volume pricing: 866-9-LAGUNA.",Business & Industrial > Science & Laboratory > Laboratory Supplies
dp0150-8,DP0150-8 | Laguna Scientific,"DP0150-8 from Laguna Scientific. Lab supplies and PPE for research, clinical, and industrial labs. Volume pricing: 866-9-LAGUNA.",Business & Industrial > Science & Laboratory > Laboratory Supplies
dp0150-6,DP0150-6 | Laguna Scientific,"DP0150-6 from Laguna Scientific. Lab supplies and PPE for research, clinical, and industrial labs. Volume pricing: 866-9-LAGUNA.",Business & Industrial > Science & Laboratory > Laboratory Supplies
dp0150-3,DP0150-3 | Laguna Scientific,"DP0150-3 from Laguna Scientific. Lab supplies and PPE for research, clinical, and industrial labs. Volume pricing: 866-9-LAGUNA.",Business & Industrial > Science & Laboratory > Laboratory Supplies
dp0150-2,DP0150-2 | Laguna Scientific,"DP0150-2 from Laguna Scientific. Lab supplies and PPE for research, clinical, and industrial labs. Volume pricing: 866-9-LAGUNA.",Business & Industrial > Science & Laboratory > Laboratory Supplies
dc9602,"DryChill™ Ice-free Cooling Block, 96 x 0.2ml | Laguna Scientific","DryChill™ Ice-free Cooling Block, 96 x 0.2ml from Laguna Scientific. Lab supplies and PPE. Volume pricing: 866-9-LAGUNA.",Business & Industrial > Science & Laboratory > Laboratory Supplies
dc4020,"DryChill™ Ice-free Cooling Block, 40 x 1.5/2.0ml | Laguna Scientific","DryChill™ Ice-free Cooling Block, 40 x 1.5/2.0ml from Laguna Scientific. Lab supplies and PPE. Volume pricing: 866-9-LAGUNA.",Business & Industrial > Science & Laboratory > Laboratory Supplies
dc1215,"DryChill™ Ice-free Cooling Block, 12 x 15ml | Laguna Scientific","DryChill™ Ice-free Cooling Block, 12 x 15ml from Laguna Scientific. Lab supplies and PPE. Volume pricing: 866-9-LAGUNA.",Business & Industrial > Science & Laboratory > Laboratory Supplies
dc0650,"DryChill™ Ice-free Cooling Block, 6 x 50ml | Laguna Scientific","DryChill™ Ice-free Cooling Block, 6 x 50ml from Laguna Scientific. Lab supplies and PPE. Volume pricing: 866-9-LAGUNA.",Business & Industrial > Science & Laboratory > Laboratory Supplies
d2400-r5v2,D2400-R5V2 | Laguna Scientific,"D2400-R5V2 from Laguna Scientific. Lab supplies and PPE for research, clinical, and industrial labs. Volume pricing: 866-9-LAGUNA.",Business & Industrial > Science & Laboratory > Laboratory Supplies
d2400-r,BeadBlaster 24R Refrigerated Microtube Homogenizer | Laguna Scientific,"BeadBlaster 24R Refrigerated Microtube Homogenizer, 115V from Laguna Scientific. Lab supplies and PPE. Volume pricing: 866-9-LAGUNA.",Business & Industrial > Science & Laboratory > Laboratory Supplies > Test Tubes
d1134-50,"5mm Stainless Steel Beads, Bulk, 1000 Beads/Unit | Laguna Scientific","5mm Stainless Steel Beads, Bulk, 1000 Beads/Unit from Laguna Scientific. Lab supplies and PPE. Volume pricing: 866-9-LAGUNA.",Business & Industrial > Science & Laboratory > Laboratory Supplies
d1132-group,D1132-GROUP | Laguna Scientific,"D1132-GROUP from Laguna Scientific. Lab supplies and PPE for research, clinical, and industrial labs. Volume pricing: 866-9-LAGUNA.",Business & Industrial > Science & Laboratory > Laboratory Supplies
d1132-01tp,D1132-01TP | Laguna Scientific,"D1132-01TP from Laguna Scientific. Lab supplies and PPE for research, clinical, and industrial labs. Volume pricing: 866-9-LAGUNA.",Business & Industrial > Science & Laboratory > Laboratory Supplies
d1131-10,D1131-10 | Laguna Scientific,"D1131-10 from Laguna Scientific. Lab supplies and PPE for research, clinical, and industrial labs. Volume pricing: 866-9-LAGUNA.",Business & Industrial > Science & Laboratory > Laboratory Supplies
d1131-05,D1131-05 | Laguna Scientific,"D1131-05 from Laguna Scientific. Lab supplies and PPE for research, clinical, and industrial labs. Volume pricing: 866-9-LAGUNA.",Business & Industrial > Science & Laboratory > Laboratory Supplies
d1131-01,Benchmark Scientific D1131-01 Bulk Beads | Laguna Scientific,Benchmark Scientific D1131-01 Bulk Beads from Laguna Scientific. Lab supplies and PPE. Volume pricing: 866-9-LAGUNA.,Business & Industrial > Science & Laboratory > Laboratory Supplies
d1036-a5,Tube Holder for BeadBug 5ml tubes (2 x 5ml) | Laguna Scientific,Tube Holder for BeadBug 5ml tubes (2 x 5ml) from Laguna Scientific. Lab supplies and PPE. Volume pricing: 866-9-LAGUNA.,Business & Industrial > Science & Laboratory > Laboratory Supplies > Test Tubes
d1034-mx,Prefilled 2.0ml tubes contain a mix of 0.1mm | Laguna Scientific,Prefilled 2.0ml tubes contain a mix of 0.1mm Silica from Laguna Scientific. Lab supplies and PPE. Volume pricing: 866-9-LAGUNA.,Business & Industrial > Science & Laboratory > Laboratory Supplies > Test Tubes
d1034-28,Prefilled 5.0mL tubes; Stainless Steel | Laguna Scientific,Prefilled 5.0mL tubes; Stainless Steel from Laguna Scientific. Lab supplies and PPE. Volume pricing: 866-9-LAGUNA.,Business & Industrial > Science & Laboratory > Laboratory Supplies > Test Tubes
d1033-30g,"Prefilled 2.0ml tubes, Garnet Shards and one 6 mm | Laguna Scientific","Prefilled 2.0ml tubes, Garnet Shards and one 6 mm Zirconium from Laguna Scientific. Lab supplies and PPE. Volume pricing: 866-9-LAGUNA.",Business & Industrial > Science & Laboratory > Laboratory Supplies > Test Tubes
d1033-28,Stainless Steel Beads In 2.0ml Triple Pure Tubes | Laguna Scientific,Stainless Steel Beads In 2.0ml Triple Pure Tubes from Laguna Scientific. Lab supplies and PPE. Volume pricing: 866-9-LAGUNA.,Business & Industrial > Science & Laboratory > Laboratory Supplies > Test Tubes
d1032-sk,"Triple-Pure High Impact Zirconium Beads, Beads | Laguna Scientific","Triple-Pure High Impact Zirconium Beads, Beads from Laguna Scientific. Lab supplies and PPE. Volume pricing: 866-9-LAGUNA.",Business & Industrial > Science & Laboratory > Laboratory Supplies
d1032-group,Prefilled tube kits for bead homogenizer | Laguna Scientific,Prefilled tube kits for bead homogenizer from Laguna Scientific. Lab supplies and PPE. Volume pricing: 866-9-LAGUNA.,Business & Industrial > Science & Laboratory > Laboratory Supplies > Test Tubes
d1032-60,"2.0ml tubes, 6 mm Ceria Based Zirconium Oxide | Laguna Scientific","2.0ml tubes, 6 mm Ceria Based Zirconium Oxide from Laguna Scientific. Lab supplies and PPE. Volume pricing: 866-9-LAGUNA.",Business & Industrial > Science & Laboratory > Laboratory Supplies > Test Tubes
d1032-30,Benchmark Scientific Prefilled 2.0ml tubes | Laguna Scientific,Benchmark Scientific Prefilled 2.0ml tubes Zirconium Beads from Laguna Scientific. Lab supplies and PPE. Volume pricing: 866-9-LAGUNA.,Business & Industrial > Science & Laboratory > Laboratory Supplies > Test Tubes
d1032-15,Prefilled 2.0ml tubes Zirconium Beads 0.5mm | Laguna Scientific,Prefilled 2.0ml tubes Zirconium Beads 0.5mm Triple-Pure from Laguna Scientific. Lab supplies and PPE. Volume pricing: 866-9-LAGUNA.,Business & Industrial > Science & Laboratory > Laboratory Supplies > Test Tubes
d1032-10,Prefilled 2.0ml tubes Zirconium Beads 0.5mm | Laguna Scientific,Prefilled 2.0ml tubes Zirconium Beads 0.5mm Triple-Pure from Laguna Scientific. Lab supplies and PPE. Volume pricing: 866-9-LAGUNA.,Business & Industrial > Science & Laboratory > Laboratory Supplies > Test Tubes
d1032-05,Prefilled 2.0ml tubes Zirconium Beads 0.5mm | Laguna Scientific,Prefilled 2.0ml tubes Zirconium Beads 0.5mm Triple-Pure from Laguna Scientific. Lab supplies and PPE. Volume pricing: 866-9-LAGUNA.,Business & Industrial > Science & Laboratory > Laboratory Supplies > Test Tubes
d1032-01,Prefilled 2.0ml tubes Zirconium Beads 0.1mm | Laguna Scientific,Prefilled 2.0ml tubes Zirconium Beads 0.1mm Triple-Pure from Laguna Scientific. Lab supplies and PPE. Volume pricing: 866-9-LAGUNA.,Business & Industrial > Science & Laboratory > Laboratory Supplies > Test Tubes
d1031-st25,Benchmark Scientific Empty 2.0 mL Tubes with Caps | Laguna Scientific,Benchmark Scientific Empty 2.0 mL Tubes with Caps and from Laguna Scientific. Lab supplies and PPE. Volume pricing: 866-9-LAGUNA.,Business & Industrial > Science & Laboratory > Laboratory Supplies > Test Tubes
d1031-rf,Reinforced tubes (empty) pack of 500 with cap and | Laguna Scientific,Reinforced tubes (empty) pack of 500 with cap and sealing from Laguna Scientific. Lab supplies and PPE. Volume pricing: 866-9-LAGUNA.,Business & Industrial > Science & Laboratory > Laboratory Supplies > Test Tubes
d1031-10,"Prefilled 2.0ml tubes, Silica (Glass) Beads | Laguna Scientific","Prefilled 2.0ml tubes, Silica (Glass) Beads from Laguna Scientific. Lab supplies and PPE. Volume pricing: 866-9-LAGUNA.",Business & Industrial > Science & Laboratory > Laboratory Supplies > Test Tubes
d1031-05,"Prefilled 2.0ml tubes, Silica (Glass) Beads | Laguna Scientific","Prefilled 2.0ml tubes, Silica (Glass) Beads from Laguna Scientific. Lab supplies and PPE. Volume pricing: 866-9-LAGUNA.",Business & Industrial > Science & Laboratory > Laboratory Supplies > Test Tubes
d1031-01,"Prefilled 2.0ml tubes, Silica (Glass) Beads | Laguna Scientific","Prefilled 2.0ml tubes, Silica (Glass) Beads from Laguna Scientific. Lab supplies and PPE. Volume pricing: 866-9-LAGUNA.",Business & Industrial > Science & Laboratory > Laboratory Supplies > Test Tubes
d1000-st,Benchmark Scientific D1000-ST Handheld Homogenizer | Laguna Scientific,Benchmark Scientific D1000-ST Handheld Homogenizer Stand from Laguna Scientific. Lab supplies and PPE. Volume pricing: 866-9-LAGUNA.,Business & Industrial > Science & Laboratory > Laboratory Equipment
d1000-m7,D1000-M7 REPLACEMENT GENERATOR PACK | Laguna Scientific,D1000-M7 REPLACEMENT GENERATOR PACK from Laguna Scientific. Lab supplies and PPE. Volume pricing: 866-9-LAGUNA.,Business & Industrial > Science & Laboratory > Laboratory Supplies > Test Tubes
d1000-m5,Benchmark D1000 Homogenizer with 5mm and 7mm | Laguna Scientific,Benchmark D1000 Homogenizer with 5mm and 7mm Generators from Laguna Scientific. Lab supplies and PPE. Volume pricing: 866-9-LAGUNA.,Business & Industrial > Science & Laboratory > Laboratory Equipment
d1000-m14,BENCHMARK SCIENTIFIC Generator Probe: 14 mm x 130 mm | Laguna Scientific,BENCHMARK SCIENTIFIC Generator Probe: 14 mm x 130 mm from Laguna Scientific. Lab supplies and PPE. Volume pricing: 866-9-LAGUNA.,Business & Industrial > Science & Laboratory > Laboratory Supplies
d1000-m10,Optional Generator Probe - 10mm x 115mm Saw Tooth | Laguna Scientific,Optional Generator Probe - 10mm x 115mm Saw Tooth from Laguna Scientific. Lab supplies and PPE. Volume pricing: 866-9-LAGUNA.,Business & Industrial > Science & Laboratory > Laboratory Supplies > Test Tubes
c5000-6h-pt,C5000-6H-PT Sprint 6H Portable Centrifuge | Laguna Scientific,C5000-6H-PT Sprint 6H Portable Centrifuge from Laguna Scientific. Lab supplies and PPE. Volume pricing: 866-9-LAGUNA.,Business & Industrial > Science & Laboratory > Laboratory Equipment
c3303-1215,Benchmark Scientific C3303-1215 12 x 15ml Fixed | Laguna Scientific,Benchmark Scientific C3303-1215 12 x 15ml Fixed Angle from Laguna Scientific. Lab supplies and PPE. Volume pricing: 866-9-LAGUNA.,Business & Industrial > Science & Laboratory > Laboratory Supplies
c3200,LC-8 Plus 15ml Microtube Micro Centrifuge C3200 | Laguna Scientific,LC-8 Plus 15ml Microtube Micro Centrifuge C3200 from Laguna Scientific. Lab supplies and PPE. Volume pricing: 866-9-LAGUNA.,Business & Industrial > Science & Laboratory > Laboratory Supplies > Test Tubes
c3100-adp,"Adapter,For Centrifuges,PK8 C3100-adp | Laguna Scientific","Adapter,For Centrifuges,PK8 C3100-adp from Laguna Scientific. Lab supplies and PPE. Volume pricing: 866-9-LAGUNA.",Business & Industrial > Science & Laboratory > Laboratory Equipment
c3100,"LC-8 Lab Centrifuge, 3500 RPM | Laguna Scientific","LC-8 Lab Centrifuge, 3500 RPM, 8x15 mL Rotor Included from Laguna Scientific. Lab supplies and PPE. Volume pricing: 866-9-LAGUNA.",Business & Industrial > Science & Laboratory > Laboratory Equipment
c2417-r5-adp2,"COMBI-Rotor™, the MC-24 Touch will accept | Laguna Scientific","COMBI-Rotor™, the MC-24 Touch will accept 24×1.5/2.0ml from Laguna Scientific. Lab supplies and PPE. Volume pricing: 866-9-LAGUNA.",Business & Industrial > Science & Laboratory > Laboratory Supplies > Test Tubes
c2417-r5,Optional 8 x 5ml rotor for MC-24 centrifuge | Laguna Scientific,Optional 8 x 5ml rotor for MC-24 centrifuge from Laguna Scientific. Lab supplies and PPE. Volume pricing: 866-9-LAGUNA.,Business & Industrial > Science & Laboratory > Laboratory Equipment
c2000-dwmp,Optional rotor with carriers for deep well plates | Laguna Scientific,Optional rotor with carriers for deep well plates up to from Laguna Scientific. Lab supplies and PPE. Volume pricing: 866-9-LAGUNA.,Business & Industrial > Science & Laboratory > Laboratory Supplies
c2000-a02,Benchmark Scientific PlateFuge MicroPlate | Laguna Scientific,Benchmark Scientific PlateFuge MicroPlate MicroCentrifuge from Laguna Scientific. Lab supplies and PPE. Volume pricing: 866-9-LAGUNA.,Business & Industrial > Science & Laboratory > Laboratory Equipment
c1612,"High Speed Micro Centrifuge, 12 Place Rotor | Laguna Scientific","High Speed Micro Centrifuge, 12 Place Rotor from Laguna Scientific. Lab supplies and PPE. Volume pricing: 866-9-LAGUNA.",Business & Industrial > Science & Laboratory > Laboratory Equipment
c1008-rot2,Benchmark Scientific C1008-ROT2 Strip Rotor for | Laguna Scientific,Benchmark Scientific C1008-ROT2 Strip Rotor for MyFuge Mini from Laguna Scientific. Lab supplies and PPE. Volume pricing: 866-9-LAGUNA.,Business & Industrial > Science & Laboratory > Laboratory Supplies
c1008-rot,Round Rotor 8 position | Laguna Scientific,"Round Rotor 8 position from Laguna Scientific. Lab supplies and PPE for research, clinical, and industrial labs. Volume pricing: 866-9-LAGUNA.",Business & Industrial > Science & Laboratory > Laboratory Supplies
c1008-group,Mini Centrifuge with 2 rotors | Laguna Scientific,"Mini Centrifuge with 2 rotors from Laguna Scientific. Lab supplies and PPE for research, clinical, and industrial labs. Volume pricing: 866-9-LAGUNA.",Business & Industrial > Science & Laboratory > Laboratory Equipment
c1008-a5-6,Tube adaptors are compatible with any Benchmark | Laguna Scientific,Tube adaptors are compatible with any Benchmark Scientific from Laguna Scientific. Lab supplies and PPE. Volume pricing: 866-9-LAGUNA.,Business & Industrial > Science & Laboratory > Laboratory Supplies > Test Tubes
c1008-a2-6,0.2ml Replacement Adapter Pack for Benchmark | Laguna Scientific,0.2ml Replacement Adapter Pack for Benchmark Scientific from Laguna Scientific. Lab supplies and PPE. Volume pricing: 866-9-LAGUNA.,Business & Industrial > Science & Laboratory > Laboratory Equipment
c1005-t5-rk,Work Station Rack for 50 x 5ml tubes | Laguna Scientific,Work Station Rack for 50 x 5ml tubes from Laguna Scientific. Lab supplies and PPE. Volume pricing: 866-9-LAGUNA.,Business & Industrial > Science & Laboratory > Laboratory Supplies > Test Tubes
c1005-frz,"Freezer box for 5ml tubes, pack of 5 | Laguna Scientific","Freezer box for 5ml tubes, pack of 5 from Laguna Scientific. Lab supplies and PPE. Volume pricing: 866-9-LAGUNA.",Business & Industrial > Science & Laboratory > Laboratory Supplies > Test Tubes
c1005-ac2,"Adapter pack, for Cryovials (0.5 to 2.0ml) and | Laguna Scientific","Adapter pack, for Cryovials (0.5 to 2.0ml) and 1.5/2.0ml from Laguna Scientific. Lab supplies and PPE. Volume pricing: 866-9-LAGUNA.",Business & Industrial > Science & Laboratory > Laboratory Equipment
c1005,MyFuge 5 MicroCentrifuge | Laguna Scientific,"MyFuge 5 MicroCentrifuge from Laguna Scientific. Lab supplies and PPE for research, clinical, and industrial labs. Volume pricing: 866-9-LAGUNA.",Business & Industrial > Science & Laboratory > Laboratory Equipment
bv101-r,Vornado Miniature Vortex Mixer | Laguna Scientific,"Vornado Miniature Vortex Mixer from Laguna Scientific. Lab supplies and PPE for research, clinical, and industrial labs. Volume pricing: 866-9-LAGUNA.",Business & Industrial > Science & Laboratory > Laboratory Equipment
bv101-g,"Vornado™ Mini Vortex Mixer, Green Cup | Laguna Scientific","Vornado™ Mini Vortex Mixer, Green Cup from Laguna Scientific. Lab supplies and PPE. Volume pricing: 866-9-LAGUNA.",Business & Industrial > Science & Laboratory > Laboratory Equipment
bv1010-tst,Benchmixer™ XL Multi-Tube Vortexer includes 50x12mm | Laguna Scientific,Benchmixer™ XL Multi-Tube Vortexer includes 50x12mm tube from Laguna Scientific. Lab supplies and PPE. Volume pricing: 866-9-LAGUNA.,Business & Industrial > Science & Laboratory > Laboratory Supplies > Test Tubes
bv1010-mp02,BenchMixer XL™ Microplate Rack for 96 x 0.2ml tubes | Laguna Scientific,BenchMixer XL™ Microplate Rack for 96 x 0.2ml tubes or from Laguna Scientific. Lab supplies and PPE. Volume pricing: 866-9-LAGUNA.,Business & Industrial > Science & Laboratory > Laboratory Supplies > Test Tubes
bv1010-mp,BenchMixer™ XL is a heavy duty vortex mixer Rack | Laguna Scientific,BenchMixer™ XL is a heavy duty vortex mixer Rack for up to from Laguna Scientific. Lab supplies and PPE. Volume pricing: 866-9-LAGUNA.,Business & Industrial > Science & Laboratory > Laboratory Equipment
bv1010-50hq,Horizontal Tube Rack for 7 x 50ml QuEChERs | Laguna Scientific,Horizontal Tube Rack for 7 x 50ml QuEChERs from Laguna Scientific. Lab supplies and PPE. Volume pricing: 866-9-LAGUNA.,Business & Industrial > Science & Laboratory > Laboratory Supplies > Test Tubes
bv1010-500,Tube Rack for BenchMixer XL Multi Tube Vortex | Laguna Scientific,Tube Rack for BenchMixer XL Multi Tube Vortex Mixer from Laguna Scientific. Lab supplies and PPE. Volume pricing: 866-9-LAGUNA.,Business & Industrial > Science & Laboratory > Laboratory Supplies > Test Tubes
bv1010-25,Tube Rack for BenchMixer XL Multi Tube Vortex | Laguna Scientific,Tube Rack for BenchMixer XL Multi Tube Vortex Mixer from Laguna Scientific. Lab supplies and PPE. Volume pricing: 866-9-LAGUNA.,Business & Industrial > Science & Laboratory > Laboratory Supplies > Test Tubes
bv1010-1520,Tube Rack for BenchMixer XL Multi Tube Vortex | Laguna Scientific,Tube Rack for BenchMixer XL Multi Tube Vortex Mixer from Laguna Scientific. Lab supplies and PPE. Volume pricing: 866-9-LAGUNA.,Business & Industrial > Science & Laboratory > Laboratory Supplies > Test Tubes
bv1010-150,"BenchMixerTM XL, this tube rack holds up to 50 x | Laguna Scientific","BenchMixerTM XL, this tube rack holds up to 50 x 15ml tubes from Laguna Scientific. Lab supplies and PPE. Volume pricing: 866-9-LAGUNA.",Business & Industrial > Science & Laboratory > Laboratory Supplies > Test Tubes
bv1010-13,Tube Rack for BenchMixer XL Multi Tube Vortex | Laguna Scientific,Tube Rack for BenchMixer XL Multi Tube Vortex Mixer from Laguna Scientific. Lab supplies and PPE. Volume pricing: 866-9-LAGUNA.,Business & Industrial > Science & Laboratory > Laboratory Supplies > Test Tubes
bv1010-12,BenchMixer XL Multi-Tube Vortexer | Laguna Scientific,"BenchMixer XL Multi-Tube Vortexer from Laguna Scientific. Lab supplies and PPE for research, clinical, and industrial labs. Volume pricing: 866-9-LAGUNA.",Business & Industrial > Science & Laboratory > Laboratory Supplies > Test Tubes
bv1010-05,Tube Rack for BenchMixer XL Multi Tube Vortex | Laguna Scientific,Tube Rack for BenchMixer XL Multi Tube Vortex Mixer from Laguna Scientific. Lab supplies and PPE. Volume pricing: 866-9-LAGUNA.,Business & Industrial > Science & Laboratory > Laboratory Supplies > Test Tubes
bv1010-00,Replacement Foam Sheet for BenchMixer XL™. (Pack of | Laguna Scientific,Replacement Foam Sheet for BenchMixer XL™. (Pack of 2) from Laguna Scientific. Lab supplies and PPE. Volume pricing: 866-9-LAGUNA.,Business & Industrial > Science & Laboratory > Laboratory Equipment
bv1010,BenchMixer XL Multi-Tube Vortexer | Laguna Scientific,"BenchMixer XL Multi-Tube Vortexer from Laguna Scientific. Lab supplies and PPE for research, clinical, and industrial labs. Volume pricing: 866-9-LAGUNA.",Business & Industrial > Science & Laboratory > Laboratory Supplies > Test Tubes
bv1003-t500,Optional Foam Rack for 5 x 50 ml tubes | Laguna Scientific,Optional Foam Rack for 5 x 50 ml tubes from Laguna Scientific. Lab supplies and PPE. Volume pricing: 866-9-LAGUNA.,Business & Industrial > Science & Laboratory > Laboratory Supplies > Test Tubes
bv1003-t150,Optional Foam Rack for 12 x 15ml Tubes | Laguna Scientific,Optional Foam Rack for 12 x 15ml Tubes from Laguna Scientific. Lab supplies and PPE. Volume pricing: 866-9-LAGUNA.,Business & Industrial > Science & Laboratory > Laboratory Supplies > Test Tubes
bv1000-h500,"Optional horizontal head, for 2 x 50ml | Laguna Scientific","Optional horizontal head, for 2 x 50ml from Laguna Scientific. Lab supplies and PPE. Volume pricing: 866-9-LAGUNA.",Business & Industrial > Science & Laboratory > Laboratory Supplies
bv1000-h150,"Optional horizontal head, for 4 x 15ml | Laguna Scientific","Optional horizontal head, for 4 x 15ml from Laguna Scientific. Lab supplies and PPE. Volume pricing: 866-9-LAGUNA.",Business & Industrial > Science & Laboratory > Laboratory Supplies
bv1000-h15,"Optional horizontal head, for 12 x 1.5/2.0ml | Laguna Scientific","Optional horizontal head, for 12 x 1.5/2.0ml from Laguna Scientific. Lab supplies and PPE. Volume pricing: 866-9-LAGUNA.",Business & Industrial > Science & Laboratory > Laboratory Supplies
bv1000-flat,FLAT Vortexer Flat head for Vortex Mixer | Laguna Scientific,FLAT Vortexer Flat head for Vortex Mixer from Laguna Scientific. Lab supplies and PPE. Volume pricing: 866-9-LAGUNA.,Business & Industrial > Science & Laboratory > Laboratory Equipment
bv1000-combo,Optional combination head for one microplate & | Laguna Scientific,Optional combination head for one microplate & microtubes from Laguna Scientific. Lab supplies and PPE. Volume pricing: 866-9-LAGUNA.,Business & Industrial > Science & Laboratory > Laboratory Supplies > Test Tubes
bv1000,BenchMixer Vortex Mixer | Laguna Scientific,"BenchMixer Vortex Mixer from Laguna Scientific. Lab supplies and PPE for research, clinical, and industrial labs. Volume pricing: 866-9-LAGUNA.",Business & Industrial > Science & Laboratory > Laboratory Equipment
bt4500,Orbi-Shaker CO2 with Remote Controller and Rubber | Laguna Scientific,Orbi-Shaker CO2 with Remote Controller and Rubber from Laguna Scientific. Lab supplies and PPE. Volume pricing: 866-9-LAGUNA.,Business & Industrial > Science & Laboratory > Laboratory Equipment
bt4011,Orbi-Shaker™CO2 XL orbital shaker with flat mat | Laguna Scientific,Orbi-Shaker™CO2 XL orbital shaker with flat mat platform from Laguna Scientific. Lab supplies and PPE. Volume pricing: 866-9-LAGUNA.,Business & Industrial > Science & Laboratory > Laboratory Equipment
bt4001,Orbi-Shaker™ CO2 with remote controller and rubber | Laguna Scientific,Orbi-Shaker™ CO2 with remote controller and rubber mat from Laguna Scientific. Lab supplies and PPE. Volume pricing: 866-9-LAGUNA.,Business & Industrial > Science & Laboratory > Laboratory Equipment
bt3000-mr,"MAGic Clamp™ Universal Platform 14 x 12"" (for | Laguna Scientific","MAGic Clamp™ Universal Platform 14 x 12"" (for flasks/tubes) from Laguna Scientific. Lab supplies and PPE. Volume pricing: 866-9-LAGUNA.",Business & Industrial > Science & Laboratory > Laboratory Supplies > Test Tubes
bt1500-a1520,"Optional Adapter, 20 x 1.5/2.0 ml for microplate | Laguna Scientific","Optional Adapter, 20 x 1.5/2.0 ml for microplate shakers from Laguna Scientific. Lab supplies and PPE. Volume pricing: 866-9-LAGUNA.",Business & Industrial > Science & Laboratory > Laboratory Equipment
bt1500-a05,"Optional Adapter, 20 x 0.5 ml for microplate shakers | Laguna Scientific","Optional Adapter, 20 x 0.5 ml for microplate shakers from Laguna Scientific. Lab supplies and PPE. Volume pricing: 866-9-LAGUNA.",Business & Industrial > Science & Laboratory > Laboratory Equipment
bt1011,Orbi-Shaker™ XL with Touch Screen Display and | Laguna Scientific,Orbi-Shaker™ XL with Touch Screen Display and rubber mat from Laguna Scientific. Lab supplies and PPE. Volume pricing: 866-9-LAGUNA.,Business & Industrial > Science & Laboratory > Laboratory Equipment
bswpcr2,"Block, 1 x 96-well PCR plate (2&4 block models only) | Laguna Scientific","Block, 1 x 96-well PCR plate (2&4 block models only) from Laguna Scientific. Lab supplies and PPE. Volume pricing: 866-9-LAGUNA.",Business & Industrial > Science & Laboratory > Laboratory Supplies
bswpcr1,"Block, 1 x 96-well PCR plate (Single block model | Laguna Scientific","Block, 1 x 96-well PCR plate (Single block model only) from Laguna Scientific. Lab supplies and PPE. Volume pricing: 866-9-LAGUNA.",Business & Industrial > Science & Laboratory > Laboratory Supplies
bswnmr,"Block, 30 x NMR tubes | Laguna Scientific","Block, 30 x NMR tubes from Laguna Scientific. Lab supplies and PPE for research, clinical, and industrial labs. Volume pricing: 866-9-LAGUNA.",Business & Industrial > Science & Laboratory > Laboratory Supplies > Test Tubes
bswmt,"Block, 1 x Micro Plate (2 & 4 block models only) | Laguna Scientific","Block, 1 x Micro Plate (2 & 4 block models only) from Laguna Scientific. Lab supplies and PPE. Volume pricing: 866-9-LAGUNA.",Business & Industrial > Science & Laboratory > Laboratory Supplies
bswhem,"Block, 48 x hematocrit tubes | Laguna Scientific","Block, 48 x hematocrit tubes from Laguna Scientific. Lab supplies and PPE. Volume pricing: 866-9-LAGUNA.",Business & Industrial > Science & Laboratory > Laboratory Supplies > Test Tubes
bswcmb,Quick-Flip Universal Block for Digital Dry Baths: | Laguna Scientific,Quick-Flip Universal Block for Digital Dry Baths: Side 1: from Laguna Scientific. Lab supplies and PPE. Volume pricing: 866-9-LAGUNA.,Business & Industrial > Science & Laboratory > Laboratory Supplies > Test Tubes
bswbct,"Block, 12 x 13mm & 8 x 16mm (Blood Collection | Laguna Scientific","Block, 12 x 13mm & 8 x 16mm (Blood Collection Combi-Block) from Laguna Scientific. Lab supplies and PPE. Volume pricing: 866-9-LAGUNA.",Business & Industrial > Science & Laboratory > Laboratory Supplies
bsw5mt,"Block, 12 x 5ml centrifuge tubes (17mm diameter) | Laguna Scientific","Block, 12 x 5ml centrifuge tubes (17mm diameter) from Laguna Scientific. Lab supplies and PPE. Volume pricing: 866-9-LAGUNA.",Business & Industrial > Science & Laboratory > Laboratory Supplies > Test Tubes
bsw50,Block for 5 x 50ml Centrifuge Tubes | Laguna Scientific,"Block for 5 x 50ml Centrifuge Tubes from Laguna Scientific. Lab supplies and PPE for research, clinical, and industrial labs. Volume pricing: 866-9-LAGUNA.",Business & Industrial > Science & Laboratory > Laboratory Supplies > Test Tubes
bsw2mts,"Block, for Microtube Strips (2.0ml) 6 strips | Laguna Scientific","Block, for Microtube Strips (2.0ml) 6 strips from Laguna Scientific. Lab supplies and PPE. Volume pricing: 866-9-LAGUNA.",Business & Industrial > Science & Laboratory > Laboratory Supplies > Test Tubes
bsw1520,Block for Centrifuge Tubes 24 x 1.5/2.0ml | Laguna Scientific,Block for Centrifuge Tubes 24 x 1.5/2.0ml from Laguna Scientific. Lab supplies and PPE. Volume pricing: 866-9-LAGUNA.,Business & Industrial > Science & Laboratory > Laboratory Supplies > Test Tubes
bsw1516,"Block, 12x15-16mm (or 12x10ml blood tube) | Laguna Scientific","Block, 12x15-16mm (or 12x10ml blood tube) from Laguna Scientific. Lab supplies and PPE. Volume pricing: 866-9-LAGUNA.",Business & Industrial > Science & Laboratory > Laboratory Supplies > Test Tubes
bsw1500,"Block for Dry Baths, holds (24) 1.5ml | Laguna Scientific","Block for Dry Baths, holds (24) 1.5ml from Laguna Scientific. Lab supplies and PPE. Volume pricing: 866-9-LAGUNA.",Business & Industrial > Science & Laboratory > Laboratory Equipment
bsw15,Block for 12 x 15ml Centrifuge Tubes | Laguna Scientific,Block for 12 x 15ml Centrifuge Tubes from Laguna Scientific. Lab supplies and PPE. Volume pricing: 866-9-LAGUNA.,Business & Industrial > Science & Laboratory > Laboratory Supplies > Test Tubes
bsw13,"Dry Bath Block, 20 x 13mm (5 and 7mL Tubes) | Laguna Scientific","Dry Bath Block, 20 x 13mm (5 and 7mL Tubes) from Laguna Scientific. Lab supplies and PPE. Volume pricing: 866-9-LAGUNA.",Business & Industrial > Science & Laboratory > Laboratory Supplies > Test Tubes
bsw1232,"Block, 20 x HPLC/CryoVial | Laguna Scientific","Block, 20 x HPLC/CryoVial from Laguna Scientific. Lab supplies and PPE for research, clinical, and industrial labs. Volume pricing: 866-9-LAGUNA.",Business & Industrial > Science & Laboratory > Laboratory Supplies
bsw10,"Block, 20 x 10mm (or 20 x 2.0ml | Laguna Scientific","Block, 20 x 10mm (or 20 x 2.0ml from Laguna Scientific. Lab supplies and PPE for research, clinical, and industrial labs. Volume pricing: 866-9-LAGUNA.",Business & Industrial > Science & Laboratory > Laboratory Supplies
bsw05,"Block, 24 x 0.5ml centrifuge tubes | Laguna Scientific","Block, 24 x 0.5ml centrifuge tubes from Laguna Scientific. Lab supplies and PPE for research, clinical, and industrial labs. Volume pricing: 866-9-LAGUNA.",Business & Industrial > Science & Laboratory > Laboratory Supplies > Test Tubes
bsw02,"Block, 48 x 0.2ml tubes or 6 PCR strips | Laguna Scientific","Block, 48 x 0.2ml tubes or 6 PCR strips from Laguna Scientific. Lab supplies and PPE. Volume pricing: 866-9-LAGUNA.",Business & Industrial > Science & Laboratory > Laboratory Supplies > Test Tubes
bsw01,Solid Block for Digital Dry Baths | Laguna Scientific,"Solid Block for Digital Dry Baths from Laguna Scientific. Lab supplies and PPE for research, clinical, and industrial labs. Volume pricing: 866-9-LAGUNA.",Business & Industrial > Science & Laboratory > Laboratory Equipment
bsh-tp1,Temperature Probe for MyBlock and IsoBlock Dry Baths | Laguna Scientific,Temperature Probe for MyBlock and IsoBlock Dry Baths from Laguna Scientific. Lab supplies and PPE. Volume pricing: 866-9-LAGUNA.,Business & Industrial > Science & Laboratory > Laboratory Equipment
bsh6000,isoBlock Digital Dry Bath without Blocks BSH6000 | Laguna Scientific,isoBlock Digital Dry Bath without Blocks BSH6000 from Laguna Scientific. Lab supplies and PPE. Volume pricing: 866-9-LAGUNA.,Business & Industrial > Science & Laboratory > Laboratory Equipment
bsh200-hl,MyBlock™ Mini Dry Bath with a Heated Lid | Laguna Scientific,MyBlock™ Mini Dry Bath with a Heated Lid from Laguna Scientific. Lab supplies and PPE. Volume pricing: 866-9-LAGUNA.,Business & Industrial > Science & Laboratory > Laboratory Equipment
bsh200,MyBlock Mini Dry Bath | Laguna Scientific,"MyBlock Mini Dry Bath from Laguna Scientific. Lab supplies and PPE for research, clinical, and industrial labs. Volume pricing: 866-9-LAGUNA.",Business & Industrial > Science & Laboratory > Laboratory Equipment
bsh100-cv,"MyBlock™ Dry Baths, holds (8) Cuvettes | Laguna Scientific","MyBlock™ Dry Baths, holds (8) Cuvettes, 12.5 x 12.5 x 32mm from Laguna Scientific. Lab supplies and PPE. Volume pricing: 866-9-LAGUNA.",Business & Industrial > Science & Laboratory > Laboratory Equipment
bsh100-cu,"Block, solid (for custom machining) | Laguna Scientific","Block, solid (for custom machining) from Laguna Scientific. Lab supplies and PPE for research, clinical, and industrial labs. Volume pricing: 866-9-LAGUNA.",Business & Industrial > Science & Laboratory > Laboratory Supplies
bsh100-a12,Benchmark Scientific 12v vehicle power adapter | Laguna Scientific,Benchmark Scientific 12v vehicle power adapter from Laguna Scientific. Lab supplies and PPE. Volume pricing: 866-9-LAGUNA.,Business & Industrial > Science & Laboratory > Laboratory Supplies
bsh100-5mt,"Block (6 x 5ml Centrifuge Tubes, 17mm diameter) | Laguna Scientific","Block (6 x 5ml Centrifuge Tubes, 17mm diameter) from Laguna Scientific. Lab supplies and PPE. Volume pricing: 866-9-LAGUNA.",Business & Industrial > Science & Laboratory > Laboratory Supplies > Test Tubes
bsh100-500,"MyBlock™ Dry Baths, holds (2) 50ml Centrifuge Tubes | Laguna Scientific","MyBlock™ Dry Baths, holds (2) 50ml Centrifuge Tubes from Laguna Scientific. Lab supplies and PPE. Volume pricing: 866-9-LAGUNA.",Business & Industrial > Science & Laboratory > Laboratory Supplies > Test Tubes
bsh1004,Four-Block Digital Dry Bath 115V | Laguna Scientific,"Four-Block Digital Dry Bath 115V from Laguna Scientific. Lab supplies and PPE for research, clinical, and industrial labs. Volume pricing: 866-9-LAGUNA.",Business & Industrial > Science & Laboratory > Laboratory Equipment
bsh1002,Two-Block Digital Dry Bath | Laguna Scientific,"Two-Block Digital Dry Bath from Laguna Scientific. Lab supplies and PPE for research, clinical, and industrial labs. Volume pricing: 866-9-LAGUNA.",Business & Industrial > Science & Laboratory > Laboratory Equipment
bsh100-15hl,MyBlock Mini dry bath with Heated Lid | Laguna Scientific,MyBlock Mini dry bath with Heated Lid from Laguna Scientific. Lab supplies and PPE. Volume pricing: 866-9-LAGUNA.,Business & Industrial > Science & Laboratory > Laboratory Equipment
bsh100-1520,Benchmark Scientific MyBlock Mini - 15 x 1.5/2.0mL | Laguna Scientific,Benchmark Scientific MyBlock Mini - 15 x 1.5/2.0mL from Laguna Scientific. Lab supplies and PPE. Volume pricing: 866-9-LAGUNA.,Business & Industrial > Science & Laboratory > Laboratory Supplies
bsh100-150,Block for MyBlock™ Dry Baths | Laguna Scientific,Block for MyBlock™ Dry Baths from Laguna Scientific. Lab supplies and PPE. Volume pricing: 866-9-LAGUNA.,Business & Industrial > Science & Laboratory > Laboratory Supplies > Test Tubes
bsh100-15,Block for MyBlock™ Dry Baths | Laguna Scientific,"Block for MyBlock™ Dry Baths from Laguna Scientific. Lab supplies and PPE for research, clinical, and industrial labs. Volume pricing: 866-9-LAGUNA.",Business & Industrial > Science & Laboratory > Laboratory Supplies > Test Tubes
bsh100-1232,Benchmark Scientific MyBlock Mini - For 15 x 2.0mL | Laguna Scientific,Benchmark Scientific MyBlock Mini - For 15 x 2.0mL from Laguna Scientific. Lab supplies and PPE. Volume pricing: 866-9-LAGUNA.,Business & Industrial > Science & Laboratory > Laboratory Supplies
bsh100-1213,"Block, No Lid, 15 x 12-13 mm Tubes and Vacutainers | Laguna Scientific","Block, No Lid, 15 x 12-13 mm Tubes and Vacutainers from Laguna Scientific. Lab supplies and PPE. Volume pricing: 866-9-LAGUNA.",Business & Industrial > Science & Laboratory > Laboratory Supplies > Test Tubes
bsh1001,One-Block Digital Dry Bath 115V | Laguna Scientific,"One-Block Digital Dry Bath 115V from Laguna Scientific. Lab supplies and PPE for research, clinical, and industrial labs. Volume pricing: 866-9-LAGUNA.",Business & Industrial > Science & Laboratory > Laboratory Equipment
bsh1000-group,BSH1000 Series Digital Dry Baths | Laguna Scientific,"BSH1000 Series Digital Dry Baths from Laguna Scientific. Lab supplies and PPE for research, clinical, and industrial labs. Volume pricing: 866-9-LAGUNA.",Business & Industrial > Science & Laboratory > Laboratory Equipment
bsh100-05,"Block for MyBlock™ Dry Baths, holds (24) 0.5ml | Laguna Scientific","Block for MyBlock™ Dry Baths, holds (24) 0.5ml from Laguna Scientific. Lab supplies and PPE. Volume pricing: 866-9-LAGUNA.",Business & Industrial > Science & Laboratory > Laboratory Equipment
bsh100-02,"Block, 40 x 0.2ml (or 5 x PCR strips) | Laguna Scientific","Block, 40 x 0.2ml (or 5 x PCR strips) from Laguna Scientific. Lab supplies and PPE. Volume pricing: 866-9-LAGUNA.",Business & Industrial > Science & Laboratory > Laboratory Supplies
br5000-stack,Everlast™ Rocker with Variable Speed and flat mat | Laguna Scientific,Everlast™ Rocker with Variable Speed and flat mat from Laguna Scientific. Lab supplies and PPE. Volume pricing: 866-9-LAGUNA.,Business & Industrial > Science & Laboratory > Laboratory Equipment
br2000-stack,"BenchRocker™ 2D Variable Speed Rocker with 14""x12"" | Laguna Scientific","BenchRocker™ 2D Variable Speed Rocker with 14""x12"" flat mat from Laguna Scientific. Lab supplies and PPE. Volume pricing: 866-9-LAGUNA.",Business & Industrial > Science & Laboratory > Laboratory Equipment
br2000-sp,"BenchRocker™ 2D Variable Speed Rocker with 14""x12"" | Laguna Scientific","BenchRocker™ 2D Variable Speed Rocker with 14""x12"" flat mat from Laguna Scientific. Lab supplies and PPE. Volume pricing: 866-9-LAGUNA.",Business & Industrial > Science & Laboratory > Laboratory Equipment
br2000-flat,"BenchRocker™ 2D Variable Speed Rocker with 14""x12"" | Laguna Scientific","BenchRocker™ 2D Variable Speed Rocker with 14""x12"" flat mat from Laguna Scientific. Lab supplies and PPE. Volume pricing: 866-9-LAGUNA.",Business & Industrial > Science & Laboratory > Laboratory Equipment
br2000,"BenchRocker™ 2D Variable Speed Rocker with 14""x12"" | Laguna Scientific","BenchRocker™ 2D Variable Speed Rocker with 14""x12"" flat mat from Laguna Scientific. Lab supplies and PPE. Volume pricing: 866-9-LAGUNA.",Business & Industrial > Science & Laboratory > Laboratory Equipment
br1000-stack-d,"Stacking platform, large 12""x12"" with dimpled mat ( | Laguna Scientific","Stacking platform, large 12""x12"" with dimpled mat ( from Laguna Scientific. Lab supplies and PPE. Volume pricing: 866-9-LAGUNA.",Business & Industrial > Science & Laboratory > Laboratory Supplies
br1000-stack,"Stacking platform, large 12""x12"" with flat mat | Laguna Scientific","Stacking platform, large 12""x12"" with flat mat (3.0"" from Laguna Scientific. Lab supplies and PPE. Volume pricing: 866-9-LAGUNA.",Business & Industrial > Science & Laboratory > Laboratory Supplies
br1000-flat,"Flat Mat, large 12"" x 12"" | Laguna Scientific","Flat Mat, large 12"" x 12"" from Laguna Scientific. Lab supplies and PPE for research, clinical, and industrial labs. Volume pricing: 866-9-LAGUNA.",Business & Industrial > Science & Laboratory > Laboratory Supplies
br1000-dimpled,"Dimpled Mat for Rocker, 12 x 12in | Laguna Scientific","Dimpled Mat for Rocker, 12 x 12in from Laguna Scientific. Lab supplies and PPE for research, clinical, and industrial labs. Volume pricing: 866-9-LAGUNA.",Business & Industrial > Science & Laboratory > Laboratory Equipment
br1000,BenchBlotter™ Fixed Speed Platform Rocker with | Laguna Scientific,"BenchBlotter™ Fixed Speed Platform Rocker with 12x12"" flat from Laguna Scientific. Lab supplies and PPE. Volume pricing: 866-9-LAGUNA.",Business & Industrial > Science & Laboratory > Laboratory Equipment
b4000-pa,B4000-PA | Laguna Scientific,"B4000-PA from Laguna Scientific. Lab supplies and PPE for research, clinical, and industrial labs. Volume pricing: 866-9-LAGUNA.",Business & Industrial > Science & Laboratory > Laboratory Supplies
b4000-p,B4000-P | Laguna Scientific,"B4000-P from Laguna Scientific. Lab supplies and PPE for research, clinical, and industrial labs. Volume pricing: 866-9-LAGUNA.",Business & Industrial > Science & Laboratory > Laboratory Supplies
b4000-28-220,BioClave 28 Research Sterilizer 28L 200-240V | Laguna Scientific,BioClave 28 Research Sterilizer 28L 200-240V from Laguna Scientific. Lab supplies and PPE. Volume pricing: 866-9-LAGUNA.,Business & Industrial > Science & Laboratory > Laboratory Supplies
b4000-28-120,Bioclave 28L features an increased chamber size | Laguna Scientific,Bioclave 28L features an increased chamber size with a from Laguna Scientific. Lab supplies and PPE. Volume pricing: 866-9-LAGUNA.,Business & Industrial > Science & Laboratory > Laboratory Supplies
b3d-stack-d,"Stacking platform, small 10.5""x7.5"" with dimpled | Laguna Scientific","Stacking platform, small 10.5""x7.5"" with dimpled mat (3.0"" from Laguna Scientific. Lab supplies and PPE. Volume pricing: 866-9-LAGUNA.",Business & Industrial > Science & Laboratory > Laboratory Supplies
b3d-stack,"Stacking platform, small 10.5""x7.5"" with dimpled | Laguna Scientific","Stacking platform, small 10.5""x7.5"" with dimpled mat (3.0"" from Laguna Scientific. Lab supplies and PPE. Volume pricing: 866-9-LAGUNA.",Business & Industrial > Science & Laboratory > Laboratory Supplies
b3d-flat,"Flat Mat, small 10.5"" x 7.5"" | Laguna Scientific","Flat Mat, small 10.5"" x 7.5"" from Laguna Scientific. Lab supplies and PPE for research, clinical, and industrial labs. Volume pricing: 866-9-LAGUNA.",Business & Industrial > Science & Laboratory > Laboratory Supplies
b3d-dimpled,"Dimpled Mat, small 10.5"" x 7.5"" | Laguna Scientific","Dimpled Mat, small 10.5"" x 7.5"" from Laguna Scientific. Lab supplies and PPE for research, clinical, and industrial labs. Volume pricing: 866-9-LAGUNA.",Business & Industrial > Science & Laboratory > Laboratory Supplies
b3d5000-stk,Optional Stacking Platform with Flat Mat (4.5” | Laguna Scientific,Optional Stacking Platform with Flat Mat (4.5” clearance) from Laguna Scientific. Lab supplies and PPE. Volume pricing: 866-9-LAGUNA.,Business & Industrial > Science & Laboratory > Laboratory Supplies
b3d5000-dimp,Optional dimpled mat for use with a variety of tubes | Laguna Scientific,Optional dimpled mat for use with a variety of tubes from Laguna Scientific. Lab supplies and PPE. Volume pricing: 866-9-LAGUNA.,Business & Industrial > Science & Laboratory > Laboratory Supplies > Test Tubes
b3d5000,"BenchWaver™ 3D Rocker with 13.5x13"" flat mat | Laguna Scientific","BenchWaver™ 3D Rocker with 13.5x13"" flat mat platform from Laguna Scientific. Lab supplies and PPE. Volume pricing: 866-9-LAGUNA.",Business & Industrial > Science & Laboratory > Laboratory Equipment
b3d2300,BenchRocker™ 3D Nutating Shaker with Variable | Laguna Scientific,BenchRocker™ 3D Nutating Shaker with Variable speed from Laguna Scientific. Lab supplies and PPE. Volume pricing: 866-9-LAGUNA.,Business & Industrial > Science & Laboratory > Laboratory Equipment
b3d1320,"BioMixer™ 3D Nutating Shaker, fixed speed | Laguna Scientific","BioMixer™ 3D Nutating Shaker, fixed speed from Laguna Scientific. Lab supplies and PPE. Volume pricing: 866-9-LAGUNA.",Business & Industrial > Science & Laboratory > Laboratory Equipment
b3d1308,"BlotBoy™ 3D Rocker, fixed speed | Laguna Scientific","BlotBoy™ 3D Rocker, fixed speed from Laguna Scientific. Lab supplies and PPE. Volume pricing: 866-9-LAGUNA.",Business & Industrial > Science & Laboratory > Laboratory Equipment
b3d1020,MiniMixer™ 3D Nutating Shaker | Laguna Scientific,MiniMixer™ 3D Nutating Shaker from Laguna Scientific. Lab supplies and PPE. Volume pricing: 866-9-LAGUNA.,Business & Industrial > Science & Laboratory > Laboratory Equipment
b3d1008,"Mini BlotBoy™ 3D Rocker, fixed speed | Laguna Scientific","Mini BlotBoy™ 3D Rocker, fixed speed from Laguna Scientific. Lab supplies and PPE. Volume pricing: 866-9-LAGUNA.",Business & Industrial > Science & Laboratory > Laboratory Equipment
b2000-8-t500,Tube rack for 30 x 50 ml tubes | Laguna Scientific,"Tube rack for 30 x 50 ml tubes from Laguna Scientific. Lab supplies and PPE for research, clinical, and industrial labs. Volume pricing: 866-9-LAGUNA.",Business & Industrial > Science & Laboratory > Laboratory Supplies > Test Tubes
b2000-8-t150,Tube rack for 76 x 15 ml tubes | Laguna Scientific,"Tube rack for 76 x 15 ml tubes from Laguna Scientific. Lab supplies and PPE for research, clinical, and industrial labs. Volume pricing: 866-9-LAGUNA.",Business & Industrial > Science & Laboratory > Laboratory Supplies > Test Tubes
b2000-8,B2000-8 | Laguna Scientific,"B2000-8 from Laguna Scientific. Lab supplies and PPE for research, clinical, and industrial labs. Volume pricing: 866-9-LAGUNA.",Business & Industrial > Science & Laboratory > Laboratory Supplies
b2000-4-t500,Tube rack for 15 x 50 ml tubes | Laguna Scientific,"Tube rack for 15 x 50 ml tubes from Laguna Scientific. Lab supplies and PPE for research, clinical, and industrial labs. Volume pricing: 866-9-LAGUNA.",Business & Industrial > Science & Laboratory > Laboratory Supplies > Test Tubes
b2000-4-t5,Tube rack for 40 x 0.5 ml tubes | Laguna Scientific,"Tube rack for 40 x 0.5 ml tubes from Laguna Scientific. Lab supplies and PPE for research, clinical, and industrial labs. Volume pricing: 866-9-LAGUNA.",Business & Industrial > Science & Laboratory > Laboratory Supplies > Test Tubes
b2000-4-t1520,Tube rack for 48 x 1.5/2.0 ml tubes | Laguna Scientific,"Tube rack for 48 x 1.5/2.0 ml tubes from Laguna Scientific. Lab supplies and PPE for research, clinical, and industrial labs. Volume pricing: 866-9-LAGUNA.",Business & Industrial > Science & Laboratory > Laboratory Supplies > Test Tubes
b2000-4-t150,Tube rack for 41 x 15 ml tubes | Laguna Scientific,"Tube rack for 41 x 15 ml tubes from Laguna Scientific. Lab supplies and PPE for research, clinical, and industrial labs. Volume pricing: 866-9-LAGUNA.",Business & Industrial > Science & Laboratory > Laboratory Supplies > Test Tubes
b2000-2,MyBath 2L Digital Water Bath | Laguna Scientific,"MyBath 2L Digital Water Bath from Laguna Scientific. Lab supplies and PPE for research, clinical, and industrial labs. Volume pricing: 866-9-LAGUNA.",Business & Industrial > Science & Laboratory > Laboratory Supplies
b2000-12,myBath 12L Digital Water Bath | Laguna Scientific,"myBath 12L Digital Water Bath from Laguna Scientific. Lab supplies and PPE for research, clinical, and industrial labs. Volume pricing: 866-9-LAGUNA.",Business & Industrial > Science & Laboratory > Laboratory Supplies
b1450-sh-uv,Optional/Extra UV Transparent Shelf | Laguna Scientific,"Optional/Extra UV Transparent Shelf from Laguna Scientific. Lab supplies and PPE for research, clinical, and industrial labs. Volume pricing: 866-9-LAGUNA.",Business & Industrial > Science & Laboratory > Laboratory Supplies
b1450-sh,Optional/Extra UV Transparent Shelf | Laguna Scientific,"Optional/Extra UV Transparent Shelf from Laguna Scientific. Lab supplies and PPE for research, clinical, and industrial labs. Volume pricing: 866-9-LAGUNA.",Business & Industrial > Science & Laboratory > Laboratory Supplies
b1450-iss,"UV-C Indicator Stickers, 0.5x0.5"", for UV Clave | Laguna Scientific","UV-C Indicator Stickers, 0.5x0.5"", for UV Clave from Laguna Scientific. Lab supplies and PPE. Volume pricing: 866-9-LAGUNA.",Business & Industrial > Science & Laboratory > Laboratory Supplies
b1450-ic,"UV-C Indicator Card, UV Clave™ Accessory for for UV | Laguna Scientific","UV-C Indicator Card, UV Clave™ Accessory for for UV Clave from Laguna Scientific. Lab supplies and PPE. Volume pricing: 866-9-LAGUNA.",Business & Industrial > Science & Laboratory > Laboratory Supplies
b1202,Benchmark's Micro Bead Sterilizer is ideal for the | Laguna Scientific,Benchmark's Micro Bead Sterilizer is ideal for the from Laguna Scientific. Lab supplies and PPE. Volume pricing: 866-9-LAGUNA.,Business & Industrial > Science & Laboratory > Laboratory Supplies
b1201-group,B1201-GROUP | Laguna Scientific,"B1201-GROUP from Laguna Scientific. Lab supplies and PPE for research, clinical, and industrial labs. Volume pricing: 866-9-LAGUNA.",Business & Industrial > Science & Laboratory > Laboratory Supplies
b1201-bead,Refill Glass beads for Micro Bead Sterilizer | Laguna Scientific,"Refill Glass beads for Micro Bead Sterilizer, 1000g/Unit from Laguna Scientific. Lab supplies and PPE. Volume pricing: 866-9-LAGUNA.",Business & Industrial > Science & Laboratory > Laboratory Supplies
b1201,Micro Bead Research Sterilizer (40x80mm) | Laguna Scientific,"Micro Bead Research Sterilizer (40x80mm), with glass beads from Laguna Scientific. Lab supplies and PPE. Volume pricing: 866-9-LAGUNA.",Business & Industrial > Science & Laboratory > Laboratory Supplies
b1001-xl,BactiZapper Tilt MicroSterilizer with Adjustable | Laguna Scientific,BactiZapper Tilt MicroSterilizer with Adjustable Tilt Angle from Laguna Scientific. Lab supplies and PPE. Volume pricing: 866-9-LAGUNA.,Business & Industrial > Science & Laboratory > Laboratory Supplies
b1001-group,B1001-GROUP | Laguna Scientific,"B1001-GROUP from Laguna Scientific. Lab supplies and PPE for research, clinical, and industrial labs. Volume pricing: 866-9-LAGUNA.",Business & Industrial > Science & Laboratory > Laboratory Supplies
b1001,Benchmark Scientific BactiZapper TILT | Laguna Scientific,Benchmark Scientific BactiZapper TILT Micro-Sterilizer with from Laguna Scientific. Lab supplies and PPE. Volume pricing: 866-9-LAGUNA.,Business & Industrial > Science & Laboratory > Laboratory Supplies
b1000-ra,"Heating Element, 115 voltage | Laguna Scientific","Heating Element, 115 voltage from Laguna Scientific. Lab supplies and PPE for research, clinical, and industrial labs. Volume pricing: 866-9-LAGUNA.",Business & Industrial > Science & Laboratory > Laboratory Supplies
b1000-03,Slide-dryer attachment for use with BactiZapper | Laguna Scientific,Slide-dryer attachment for use with BactiZapper infrared from Laguna Scientific. Lab supplies and PPE. Volume pricing: 866-9-LAGUNA.,Business & Industrial > Science & Laboratory > Laboratory Supplies
b1000-01,Loop Holder Attachment For BactiZapper Infrared | Laguna Scientific,Loop Holder Attachment For BactiZapper Infrared Micro from Laguna Scientific. Lab supplies and PPE. Volume pricing: 866-9-LAGUNA.,Business & Industrial > Science & Laboratory > Laboratory Supplies
b1000,BactiZapper InfraRed Micro-Sterilizer | Laguna Scientific,BactiZapper InfraRed Micro-Sterilizer from Laguna Scientific. Lab supplies and PPE. Volume pricing: 866-9-LAGUNA.,Business & Industrial > Science & Laboratory > Laboratory Supplies
autoclaves,BioClave Research Autoclaves | Laguna Scientific,"BioClave Research Autoclaves from Laguna Scientific. Lab supplies and PPE for research, clinical, and industrial labs. Volume pricing: 866-9-LAGUNA.",Business & Industrial > Science & Laboratory > Laboratory Equipment
copy-of-mask-ear-loop-disposable-50-box-500-cs,Disposable 3-Ply Surgical Masks & Respirators | Laguna Scientific,Disposable 3-Ply Surgical Masks & Respirators from Laguna Scientific. Lab supplies and PPE. Volume pricing: 866-9-LAGUNA.,Business & Industrial > Medical
copy-of-2-0-ml-micro-centrifuge-tubes-500-bag,"5.0 ml Snap Cap Centrifuge Tubes, 200/bag | Laguna Scientific","5.0 ml Snap Cap Centrifuge Tubes, 200/bag from Laguna Scientific. Lab supplies and PPE. Volume pricing: 866-9-LAGUNA.",Business & Industrial > Science & Laboratory > Laboratory Supplies > Test Tubes
cell-strainers-individually-packaged-sterile,"Cell Strainers, 100 μm pore size, White frame | Laguna Scientific","Cell Strainers, 100 μm pore size, White frame from Laguna Scientific. Lab supplies and PPE. Volume pricing: 866-9-LAGUNA.",Business & Industrial > Science & Laboratory > Laboratory Supplies
copy-of-cell-strainers-70-μm-pore-size-white-frame-individual-package-sterile-50-box,"Cell Strainers, 40 μm pore size, Blue frame | Laguna Scientific","Cell Strainers, 40 μm pore size, Blue frame from Laguna Scientific. Lab supplies and PPE. Volume pricing: 866-9-LAGUNA.",Business & Industrial > Science & Laboratory > Laboratory Supplies
cell-strainers-sterile,"Cell Strainers, 70 μm pore size, White frame | Laguna Scientific","Cell Strainers, 70 μm pore size, White frame from Laguna Scientific. Lab supplies and PPE. Volume pricing: 866-9-LAGUNA.",Business & Industrial > Science & Laboratory > Laboratory Supplies
copy-of-50-ml-conical-centrifuge-tubes-bulk-sterile-500-cs,"Self Standing 50 ml Conical Centrifuge Tubes, Bulk | Laguna Scientific","Self Standing 50 ml Conical Centrifuge Tubes, Bulk from Laguna Scientific. Lab supplies and PPE. Volume pricing: 866-9-LAGUNA.",Business & Industrial > Science & Laboratory > Laboratory Supplies > Test Tubes
four-way-tube-rack-5-pk-1,"Two-Way Tube Rack, 5/pk | Laguna Scientific","Two-Way Tube Rack, 5/pk from Laguna Scientific. Lab supplies and PPE for research, clinical, and industrial labs. Volume pricing: 866-9-LAGUNA.",Business & Industrial > Science & Laboratory > Laboratory Supplies > Test Tube Racks
copy-of-manual-repeating-pipette-1,FastPette Pro - Ultimate Pipette Controller | Laguna Scientific,FastPette Pro - Ultimate Pipette Controller from Laguna Scientific. Lab supplies and PPE. Volume pricing: 866-9-LAGUNA.,Business & Industrial > Science & Laboratory > Laboratory Supplies > Pipettes
copy-of-manual-repeating-pipette,FastPette™ V2 Pipette | Laguna Scientific,"FastPette™ V2 Pipette from Laguna Scientific. Lab supplies and PPE for research, clinical, and industrial labs. Volume pricing: 866-9-LAGUNA.",Business & Industrial > Science & Laboratory > Laboratory Supplies > Pipettes
copy-of-brasil-neoprene-latex-glove-with-terry-lining-2,NEOPRENE Latex Glove with Terry Lining NO INVENTORY | Laguna Scientific,NEOPRENE Latex Glove with Terry Lining NO INVENTORY from Laguna Scientific. Lab supplies and PPE. Volume pricing: 866-9-LAGUNA.,Business & Industrial > Medical > Medical Supplies > Disposable Gloves
copy-of-brasil-neoprene-latex-glove-with-terry-lining-1,NEOPRENE Latex Glove with Terry Lining | Laguna Scientific,NEOPRENE Latex Glove with Terry Lining from Laguna Scientific. Lab supplies and PPE. Volume pricing: 866-9-LAGUNA.,Business & Industrial > Medical > Medical Supplies > Disposable Gloves
smartblue™-blue-light-transilluminator,SmartBlue™ Blue Light Transilluminator | Laguna Scientific,SmartBlue™ Blue Light Transilluminator from Laguna Scientific. Lab supplies and PPE. Volume pricing: 866-9-LAGUNA.,Business & Industrial > Science & Laboratory > Laboratory Equipment
myvolt-touch-power-supply,UV Transilluminator | Laguna Scientific,"UV Transilluminator from Laguna Scientific. Lab supplies and PPE for research, clinical, and industrial labs. Volume pricing: 866-9-LAGUNA.",Business & Industrial > Science & Laboratory > Laboratory Equipment
myvolt-mini-power-supply,MyVolt Touch Power Supply | Laguna Scientific,"MyVolt Touch Power Supply from Laguna Scientific. Lab supplies and PPE for research, clinical, and industrial labs. Volume pricing: 866-9-LAGUNA.",Business & Industrial > Science & Laboratory > Laboratory Equipment
mini-electrophoresis-system-1,MyVolt Mini Power Supply | Laguna Scientific,"MyVolt Mini Power Supply from Laguna Scientific. Lab supplies and PPE for research, clinical, and industrial labs. Volume pricing: 866-9-LAGUNA.",Business & Industrial > Science & Laboratory > Laboratory Equipment
mini-electrophoresis-system,Mini Electrophoresis System | Laguna Scientific,"Mini Electrophoresis System from Laguna Scientific. Lab supplies and PPE for research, clinical, and industrial labs. Volume pricing: 866-9-LAGUNA.",Business & Industrial > Science & Laboratory > Laboratory Equipment
copy-of-microtube-adapter-20-x-1-5-2-0ml-max-4,"Microtube adapter, 20 x 0.5ml (max. 4) | Laguna Scientific","Microtube adapter, 20 x 0.5ml (max. 4) from Laguna Scientific. Lab supplies and PPE. Volume pricing: 866-9-LAGUNA.",Business & Industrial > Science & Laboratory > Laboratory Equipment
incu-shaker-mini-shaking-incubator-with-flat-mat-platform,OrbiShaker MP microplate shaker & vortexer with | Laguna Scientific,OrbiShaker MP microplate shaker & vortexer with platform from Laguna Scientific. Lab supplies and PPE. Volume pricing: 866-9-LAGUNA.,Business & Industrial > Science & Laboratory > Laboratory Equipment
copy-of-block-24-x-12mm-max-speed-1200-rpm,"Block, 12 x 15ml (Max speed: 750 rpm) | Laguna Scientific","Block, 12 x 15ml (Max speed: 750 rpm) from Laguna Scientific. Lab supplies and PPE. Volume pricing: 866-9-LAGUNA.",Business & Industrial > Science & Laboratory > Laboratory Equipment
copy-of-block-35-x-2-0ml,"Block, 24 x 12mm (Max. speed: 1200 rpm) | Laguna Scientific","Block, 24 x 12mm (Max. speed: 1200 rpm) from Laguna Scientific. Lab supplies and PPE. Volume pricing: 866-9-LAGUNA.",Business & Industrial > Science & Laboratory > Laboratory Equipment
multitherm™-heating-cooling-vortexer,MultiTherm™ Shaker Heating & Cooling | Laguna Scientific,MultiTherm™ Shaker Heating & Cooling from Laguna Scientific. Lab supplies and PPE. Volume pricing: 866-9-LAGUNA.,Business & Industrial > Science & Laboratory > Laboratory Equipment
copy-of-tube-rack-12x1-5ml-horizontal-max-3,"Tube Rack, 4x15ml horizontal, max. 4 | Laguna Scientific","Tube Rack, 4x15ml horizontal, max. 4 from Laguna Scientific. Lab supplies and PPE. Volume pricing: 866-9-LAGUNA.",Business & Industrial > Science & Laboratory > Laboratory Equipment
copy-of-tube-rack-for-h1000-mr-15x50ml-max-3,"Rack for H1000-MR, 4x500/600ml bottle, max. 1 | Laguna Scientific","Rack for H1000-MR, 4x500/600ml bottle, max. 1 from Laguna Scientific. Lab supplies and PPE. Volume pricing: 866-9-LAGUNA.",Business & Industrial > Science & Laboratory > Laboratory Equipment
copy-of-tube-rack-for-h1000-mr-32x15ml-max-3,"Tube Rack for H1000-MR, 15x50ml, max. 2 | Laguna Scientific","Tube Rack for H1000-MR, 15x50ml, max. 2 from Laguna Scientific. Lab supplies and PPE. Volume pricing: 866-9-LAGUNA.",Business & Industrial > Science & Laboratory > Laboratory Equipment
copy-of-tube-rack-for-h1000-mr-30x15ml-20x50ml-max-1,"Tube Rack for H1000-MR, 32x15ml, max. 2 | Laguna Scientific","Tube Rack for H1000-MR, 32x15ml, max. 2 from Laguna Scientific. Lab supplies and PPE. Volume pricing: 866-9-LAGUNA.",Business & Industrial > Science & Laboratory > Laboratory Equipment
copy-of-clamp-for-1-x-microplate-for-h1000-mr-max-5,"Tube Rack for H1000-MR, 30x15ml & 20x50ml, max. 1 | Laguna Scientific","Tube Rack for H1000-MR, 30x15ml & 20x50ml, max. 1 from Laguna Scientific. Lab supplies and PPE. Volume pricing: 866-9-LAGUNA.",Business & Industrial > Science & Laboratory > Laboratory Equipment
copy-of-flask-clamp-for-h1000-mr-500ml-max-6,"Flask clamp for H1000-MR, 1000ml max. 2 | Laguna Scientific","Flask clamp for H1000-MR, 1000ml max. 2 from Laguna Scientific. Lab supplies and PPE. Volume pricing: 866-9-LAGUNA.",Business & Industrial > Science & Laboratory > Laboratory Equipment
copy-of-flask-clamp-for-h1000-mr-50ml-max-21,"Flask clamp for H1000-MR, 125ml, max.12 | Laguna Scientific","Flask clamp for H1000-MR, 125ml, max.12 from Laguna Scientific. Lab supplies and PPE. Volume pricing: 866-9-LAGUNA.",Business & Industrial > Science & Laboratory > Laboratory Equipment
copy-of-dedicated-platform-for-5-x-500ml-flasks,Optional CO2 regulator | Laguna Scientific,"Optional CO2 regulator from Laguna Scientific. Lab supplies and PPE for research, clinical, and industrial labs. Volume pricing: 866-9-LAGUNA.",Business & Industrial > Science & Laboratory > Laboratory Equipment
copy-of-magic-clamp™-universal-platform-for-flasks-and-tube-racks-9-5-x-11-5,Spring platform for unique vessel types | Laguna Scientific,Spring platform for unique vessel types from Laguna Scientific. Lab supplies and PPE. Volume pricing: 866-9-LAGUNA.,Business & Industrial > Science & Laboratory > Laboratory Equipment
shaker-mini-co2-shaking-incubator-with-flat-mat-platform,Shaker Mini CO2 Shaking Incubator | Laguna Scientific,"Shaker Mini CO2 Shaking Incubator, with flat mat platform from Laguna Scientific. Lab supplies and PPE. Volume pricing: 866-9-LAGUNA.",Business & Industrial > Science & Laboratory > Laboratory Equipment
copy-of-tube-rack-12x1-5ml-horizontal-max-2,"Angled tube rack holder, adjustable tilt (max. 1) | Laguna Scientific","Angled tube rack holder, adjustable tilt (max. 1) from Laguna Scientific. Lab supplies and PPE. Volume pricing: 866-9-LAGUNA.",Business & Industrial > Science & Laboratory > Laboratory Equipment
copy-of-tube-rack-for-h1000-mr-15x50ml-max-2,"BENCHMARK Rack for H1000-MR, 4x500/600ml bottle | Laguna Scientific","BENCHMARK Rack for H1000-MR, 4x500/600ml bottle, max. 1 from Laguna Scientific. Lab supplies and PPE. Volume pricing: 866-9-LAGUNA.",Business & Industrial > Science & Laboratory > Laboratory Equipment
copy-of-incu-shaker-mini-with-flat-mat-platform,"Tube Rack for H1000-MR, 32x15ml, max. 2 | Laguna Scientific","Tube Rack for H1000-MR, 32x15ml, max. 2 from Laguna Scientific. Lab supplies and PPE. Volume pricing: 866-9-LAGUNA.",Business & Industrial > Science & Laboratory > Laboratory Equipment
copy-of-flask-clamp-for-h1000-mr-250ml-max-8,"Flask clamp for H1000-MR, 500ml, max. 5 | Laguna Scientific","Flask clamp for H1000-MR, 500ml, max. 5 from Laguna Scientific. Lab supplies and PPE. Volume pricing: 866-9-LAGUNA.",Business & Industrial > Science & Laboratory > Laboratory Equipment
copy-of-flask-clamp-for-h1000-mr-125ml-max-12,"Flask clamp for H1000-MR, 250ml, max. 8 | Laguna Scientific","Flask clamp for H1000-MR, 250ml, max. 8 from Laguna Scientific. Lab supplies and PPE. Volume pricing: 866-9-LAGUNA.",Business & Industrial > Science & Laboratory > Laboratory Equipment
copy-of-flask-clamp-for-h1000-mr-25ml-max-20,"Flask clamp for H1000-MR, 50ml, max. 20 | Laguna Scientific","Flask clamp for H1000-MR, 50ml, max. 20 from Laguna Scientific. Lab supplies and PPE. Volume pricing: 866-9-LAGUNA.",Business & Industrial > Science & Laboratory > Laboratory Equipment
copy-of-adjustable-flask-clamp-accepts-125ml-250ml-500ml-max-5x500-8x250-or-12x125ml,"Flask clamp for H1000-MR, 25ml, max.20 | Laguna Scientific","Flask clamp for H1000-MR, 25ml, max.20 from Laguna Scientific. Lab supplies and PPE. Volume pricing: 866-9-LAGUNA.",Business & Industrial > Science & Laboratory > Laboratory Equipment
copy-of-spring-platform-for-unique-vessel-types-1,"ADJUSTABLE flask clamp, accepts 125ml | Laguna Scientific","ADJUSTABLE flask clamp, accepts 125ml from Laguna Scientific. Lab supplies and PPE. Volume pricing: 866-9-LAGUNA.",Business & Industrial > Science & Laboratory > Laboratory Equipment
copy-of-4-x-microplate-platform,Spring platform for unique vessel types | Laguna Scientific,Spring platform for unique vessel types from Laguna Scientific. Lab supplies and PPE. Volume pricing: 866-9-LAGUNA.,Business & Industrial > Science & Laboratory > Laboratory Equipment
copy-of-incushaker-mini-shaking-incubator-with-flat-mat-platform,4 x microplate platform | Laguna Scientific,"4 x microplate platform from Laguna Scientific. Lab supplies and PPE for research, clinical, and industrial labs. Volume pricing: 866-9-LAGUNA.",Business & Industrial > Science & Laboratory > Laboratory Equipment
incu-shaker-shaking-incubator-1,Incu-Shaker Mini Shaking Incubator | Laguna Scientific,"Incu-Shaker Mini Shaking Incubator, with non-slip rubber mat from Laguna Scientific. Lab supplies and PPE. Volume pricing: 866-9-LAGUNA.",Business & Industrial > Science & Laboratory > Laboratory Equipment
copy-of-tube-rack-4x15ml-horizontal-max-8,"Tube Rack, 2x50ml horizontal, max. 8 | Laguna Scientific","Tube Rack, 2x50ml horizontal, max. 8 from Laguna Scientific. Lab supplies and PPE. Volume pricing: 866-9-LAGUNA.",Business & Industrial > Science & Laboratory > Laboratory Equipment
copy-of-tube-rack-12x1-5ml-horizontal-max-6,"Tube Rack, 4x15ml horizontal, max. 8 | Laguna Scientific","Tube Rack, 4x15ml horizontal, max. 8 from Laguna Scientific. Lab supplies and PPE. Volume pricing: 866-9-LAGUNA.",Business & Industrial > Science & Laboratory > Laboratory Equipment
copy-of-bottle-rack-for-h1000-mr-4x500-600ml-bottle-max-4,"Tube Rack, 12x1.5ml horizontal, max. 6 | Laguna Scientific","Tube Rack, 12x1.5ml horizontal, max. 6 from Laguna Scientific. Lab supplies and PPE. Volume pricing: 866-9-LAGUNA.",Business & Industrial > Science & Laboratory > Laboratory Equipment
copy-of-tube-rack-for-h1000-mr-15x50ml-max-8,"Bottle Rack for H1000-MR, 4x500/600ml bottle, max. 4 | Laguna Scientific","Bottle Rack for H1000-MR, 4x500/600ml bottle, max. 4 from Laguna Scientific. Lab supplies and PPE. Volume pricing: 866-9-LAGUNA.",Business & Industrial > Science & Laboratory > Laboratory Equipment
copy-of-tube-rack-for-h1000-mr-32x15ml-max-8,"Tube Rack for H1000-MR, 15x50ml, max. 8 | Laguna Scientific","Tube Rack for H1000-MR, 15x50ml, max. 8 from Laguna Scientific. Lab supplies and PPE. Volume pricing: 866-9-LAGUNA.",Business & Industrial > Science & Laboratory > Laboratory Equipment
copy-of-tube-rack-for-h1000-mr-30x15ml-20x50ml-max-4,"Tube Rack for H1000-MR, 32x15ml, max. 8 | Laguna Scientific","Tube Rack for H1000-MR, 32x15ml, max. 8 from Laguna Scientific. Lab supplies and PPE. Volume pricing: 866-9-LAGUNA.",Business & Industrial > Science & Laboratory > Laboratory Equipment
copy-of-clamp-for-1-x-microplate-for-h1000-mr-max-6,"Tube Rack for H1000-MR, 30x15ml & 20x50ml, max. 4 | Laguna Scientific","Tube Rack for H1000-MR, 30x15ml & 20x50ml, max. 4 from Laguna Scientific. Lab supplies and PPE. Volume pricing: 866-9-LAGUNA.",Business & Industrial > Science & Laboratory > Laboratory Equipment
copy-of-flask-clamp-for-h1000-mr-2l-max-5,"Flask clamp for H1000-MR, 2.8L, max. 4 | Laguna Scientific","Flask clamp for H1000-MR, 2.8L, max. 4 from Laguna Scientific. Lab supplies and PPE. Volume pricing: 866-9-LAGUNA.",Business & Industrial > Science & Laboratory > Laboratory Equipment
copy-of-flask-clamp-for-h1000-mr-1l-max-9,"Flask clamp for H1000-MR, 2L, max. 5 | Laguna Scientific","Flask clamp for H1000-MR, 2L, max. 5 from Laguna Scientific. Lab supplies and PPE. Volume pricing: 866-9-LAGUNA.",Business & Industrial > Science & Laboratory > Laboratory Equipment
copy-of-flask-clamp-for-h1000-mr-500ml-max-16,"Flask clamp for H1000-MR, 1L, max. 9 | Laguna Scientific","Flask clamp for H1000-MR, 1L, max. 9 from Laguna Scientific. Lab supplies and PPE. Volume pricing: 866-9-LAGUNA.",Business & Industrial > Science & Laboratory > Laboratory Equipment
copy-of-flask-clamp-for-h1000-mr-250ml-max-25,"Flask clamp for H1000-MR, 500ml, max. 16 | Laguna Scientific","Flask clamp for H1000-MR, 500ml, max. 16 from Laguna Scientific. Lab supplies and PPE. Volume pricing: 866-9-LAGUNA.",Business & Industrial > Science & Laboratory > Laboratory Equipment
copy-of-flask-clamp-for-h1000-mr-125ml-max-36,"Flask clamp for H1000-MR, 250ml, max. 25 | Laguna Scientific","Flask clamp for H1000-MR, 250ml, max. 25 from Laguna Scientific. Lab supplies and PPE. Volume pricing: 866-9-LAGUNA.",Business & Industrial > Science & Laboratory > Laboratory Equipment
copy-of-copy-of-flask-clamp-for-h1000-mr-50ml-max-49,"Flask clamp for H1000-MR, 125ml, max. 36 | Laguna Scientific","Flask clamp for H1000-MR, 125ml, max. 36 from Laguna Scientific. Lab supplies and PPE. Volume pricing: 866-9-LAGUNA.",Business & Industrial > Science & Laboratory > Laboratory Equipment
copy-of-flask-clamp-for-h1000-mr-25ml-max-49,"Flask clamp for H1000-MR, 50ml, max.49 | Laguna Scientific","Flask clamp for H1000-MR, 50ml, max.49 from Laguna Scientific. Lab supplies and PPE. Volume pricing: 866-9-LAGUNA.",Business & Industrial > Science & Laboratory > Laboratory Equipment
copy-of-adjustable-flask-clamp-accepts-125ml-250ml-500ml-max-16x500-25x250-or-36x125ml,"Flask clamp for H1000-MR, 25ml, max.49 | Laguna Scientific","Flask clamp for H1000-MR, 25ml, max.49 from Laguna Scientific. Lab supplies and PPE. Volume pricing: 866-9-LAGUNA.",Business & Industrial > Science & Laboratory > Laboratory Equipment
copy-of-optional-shelf-14-x-5-5-for-petri-dishes-microplates-etc,"ADJUSTABLE flask clamp, accepts 125ml | Laguna Scientific","ADJUSTABLE flask clamp, accepts 125ml from Laguna Scientific. Lab supplies and PPE. Volume pricing: 866-9-LAGUNA.",Business & Industrial > Science & Laboratory > Laboratory Equipment
copy-of-6-x-microplate-platform,"Optional shelf, 14 x 5,5"" for Petri dishes | Laguna Scientific","Optional shelf, 14 x 5,5"" for Petri dishes, microplates, etc from Laguna Scientific. Lab supplies and PPE. Volume pricing: 866-9-LAGUNA.",Business & Industrial > Science & Laboratory > Laboratory Equipment
copy-of-spring-platform-for-unique-vessel-types,6 x microplate platform | Laguna Scientific,"6 x microplate platform from Laguna Scientific. Lab supplies and PPE for research, clinical, and industrial labs. Volume pricing: 866-9-LAGUNA.",Business & Industrial > Science & Laboratory > Laboratory Equipment
copy-of-magic-clamp-universal-platform-for-flasks-and-tube-racks-18-x-18-in,Spring platform for unique vessel types | Laguna Scientific,Spring platform for unique vessel types from Laguna Scientific. Lab supplies and PPE. Volume pricing: 866-9-LAGUNA.,Business & Industrial > Science & Laboratory > Laboratory Equipment
magic-clamp-universal-platform-for-flasks-and-tube-racks-18-x-18-in,MAGIc Clamp universal platform for flasks and tube | Laguna Scientific,MAGIc Clamp universal platform for flasks and tube racks from Laguna Scientific. Lab supplies and PPE. Volume pricing: 866-9-LAGUNA.,Business & Industrial > Science & Laboratory > Laboratory Equipment
pcr-tubes-and-strips,PCR Tubes and Strips | Laguna Scientific,"PCR Tubes and Strips from Laguna Scientific. Lab supplies and PPE for research, clinical, and industrial labs. Volume pricing: 866-9-LAGUNA.",Business & Industrial > Science & Laboratory > Laboratory Supplies > Test Tubes
copy-of-200-µl-pipette-tips-racked-96-box-10-box-case,"200 µl Pipette Tips, No RNase, DNase, Endotoxin | Laguna Scientific","200 µl Pipette Tips, No RNase, DNase, Endotoxin from Laguna Scientific. Lab supplies and PPE. Volume pricing: 866-9-LAGUNA.",Business & Industrial > Science & Laboratory > Laboratory Supplies > Pipettes
copy-of-200-µl-pipette-tips-bulk-1000-bag,"200 µl Pipette Tips, No RNase, DNase, Endotoxin | Laguna Scientific","200 µl Pipette Tips, No RNase, DNase, Endotoxin from Laguna Scientific. Lab supplies and PPE. Volume pricing: 866-9-LAGUNA.",Business & Industrial > Science & Laboratory > Laboratory Supplies > Pipettes
copy-of-replacement-adapter-pack-0-5ml-6-pk,"Replacement adapter pack, 0.2ml 6/pk | Laguna Scientific","Replacement adapter pack, 0.2ml 6/pk from Laguna Scientific. Lab supplies and PPE. Volume pricing: 866-9-LAGUNA.",Business & Industrial > Science & Laboratory > Laboratory Equipment
replacement-adapter-pack-0-5ml-6-pk,"Replacement adapter pack, 0.5ml 6/pk | Laguna Scientific","Replacement adapter pack, 0.5ml 6/pk from Laguna Scientific. Lab supplies and PPE. Volume pricing: 866-9-LAGUNA.",Business & Industrial > Science & Laboratory > Laboratory Equipment
block-12-x-5ml-centrifuge-tubes-17mm-diameter,"Block, 12 x 5ml centrifuge tubes (17mm diameter) | Laguna Scientific","Block, 12 x 5ml centrifuge tubes (17mm diameter) from Laguna Scientific. Lab supplies and PPE. Volume pricing: 866-9-LAGUNA.",Business & Industrial > Science & Laboratory > Laboratory Equipment
block-12x15-16mm-or-12x10ml-blood-tube,"Block, 12x15-16mm (or 12x10ml blood tube) | Laguna Scientific","Block, 12x15-16mm (or 12x10ml blood tube) from Laguna Scientific. Lab supplies and PPE. Volume pricing: 866-9-LAGUNA.",Business & Industrial > Science & Laboratory > Laboratory Equipment
block-20-x-13mm-or-20-x-5-7ml-blood-tube,"Block, 20 x 13mm (or 20 x 5/7ml blood tube) | Laguna Scientific","Block, 20 x 13mm (or 20 x 5/7ml blood tube) from Laguna Scientific. Lab supplies and PPE. Volume pricing: 866-9-LAGUNA.",Business & Industrial > Science & Laboratory > Laboratory Equipment
block-20-x-10mm-or-20-x-2-0ml,"Block, 20 x 10mm (or 20 x 2.0ml) | Laguna Scientific","Block, 20 x 10mm (or 20 x 2.0ml) from Laguna Scientific. Lab supplies and PPE for research, clinical, and industrial labs. Volume pricing: 866-9-LAGUNA.",Business & Industrial > Science & Laboratory > Laboratory Equipment
block-12-x-15ml-block-height-3-25-in,"Block, 12 x 15ml (block height: 3.25 in.) | Laguna Scientific","Block, 12 x 15ml (block height: 3.25 in.) from Laguna Scientific. Lab supplies and PPE. Volume pricing: 866-9-LAGUNA.",Business & Industrial > Science & Laboratory > Laboratory Equipment
block-24-x-0-5ml,"Block, 24 x 0.5ml | Laguna Scientific","Block, 24 x 0.5ml from Laguna Scientific. Lab supplies and PPE for research, clinical, and industrial labs. Volume pricing: 866-9-LAGUNA.",Business & Industrial > Science & Laboratory > Laboratory Equipment
block-24-x-1-5-2-0ml,"Block, 24 x 1.5/2.0ml | Laguna Scientific","Block, 24 x 1.5/2.0ml from Laguna Scientific. Lab supplies and PPE for research, clinical, and industrial labs. Volume pricing: 866-9-LAGUNA.",Business & Industrial > Science & Laboratory > Laboratory Equipment
block-24-x-1-5ml,"Block, 24 x 1.5ml | Laguna Scientific","Block, 24 x 1.5ml from Laguna Scientific. Lab supplies and PPE for research, clinical, and industrial labs. Volume pricing: 866-9-LAGUNA.",Business & Industrial > Science & Laboratory > Laboratory Equipment
quick-flip™-universal-block-side-1-holds-24-x-1-5ml-2-0ml-14-x-0-5ml-side-2-holds-6-x-pcr-strips-48-x-0-2ml-or-1-pcr-plate,Quick-Flip™ Universal block Side 1: Holds: 24 x | Laguna Scientific,Quick-Flip™ Universal block Side 1: Holds: 24 x 1.5ml/2.0ml from Laguna Scientific. Lab supplies and PPE. Volume pricing: 866-9-LAGUNA.,Business & Industrial > Science & Laboratory > Laboratory Equipment
traditional-dry-baths-single-position,"Traditional Dry Baths, Single position | Laguna Scientific","Traditional Dry Baths, Single position from Laguna Scientific. Lab supplies and PPE. Volume pricing: 866-9-LAGUNA.",Business & Industrial > Science & Laboratory > Laboratory Supplies
myfuge™-12-mini-centrifuge,MyFuge Mini Centrifuge with Combi-Rotor | Laguna Scientific,MyFuge Mini Centrifuge with Combi-Rotor from Laguna Scientific. Lab supplies and PPE. Volume pricing: 866-9-LAGUNA.,Business & Industrial > Science & Laboratory > Laboratory Equipment
microcentrifuge-tubes,Microcentrifuge Tubes | Laguna Scientific,"Microcentrifuge Tubes from Laguna Scientific. Lab supplies and PPE for research, clinical, and industrial labs. Volume pricing: 866-9-LAGUNA.",Business & Industrial > Science & Laboratory > Laboratory Supplies > Test Tubes
pcr-plate,96-Well PCR Plates | Laguna Scientific,"96-Well PCR Plates from Laguna Scientific. Lab supplies and PPE for research, clinical, and industrial labs. Volume pricing: 866-9-LAGUNA.",Business & Industrial > Science & Laboratory > Laboratory Supplies
96-well-pcr-plate-half-skirt-abi-fast-1,"96-Well PCR Plate, Half Skirt, ABI Fast | Laguna Scientific","96-Well PCR Plate, Half Skirt, ABI Fast from Laguna Scientific. Lab supplies and PPE. Volume pricing: 866-9-LAGUNA.",Business & Industrial > Science & Laboratory > Laboratory Supplies
96-well-pcr-plate-half-skirt,"96-Well PCR Plate, Half Skirt with single notch | Laguna Scientific","96-Well PCR Plate, Half Skirt with single notch from Laguna Scientific. Lab supplies and PPE. Volume pricing: 866-9-LAGUNA.",Business & Industrial > Science & Laboratory > Laboratory Supplies
96-well-pcr-plate-half-skirt-abi-fast,"96-Well PCR Plate, Full Skirt | Laguna Scientific","96-Well PCR Plate, Full Skirt from Laguna Scientific. Lab supplies and PPE for research, clinical, and industrial labs. Volume pricing: 866-9-LAGUNA.",Business & Industrial > Science & Laboratory > Laboratory Supplies
96-well-pcr-plates-full-skirt,"96-Well PCR Plate, Half Skirt, ABI compatible | Laguna Scientific","96-Well PCR Plate, Half Skirt, ABI compatible from Laguna Scientific. Lab supplies and PPE. Volume pricing: 866-9-LAGUNA.",Business & Industrial > Science & Laboratory > Laboratory Supplies
8-tube-strip-pcr-tubes-optically-clear-for-real-time-pcr-125-strips-bag,"8 Cap Strip Flat Cap, Optically Clear for Real-Time | Laguna Scientific","8 Cap Strip Flat Cap, Optically Clear for Real-Time PCR from Laguna Scientific. Lab supplies and PPE. Volume pricing: 866-9-LAGUNA.",Business & Industrial > Science & Laboratory > Laboratory Supplies
pcr-tubes-flat-top-cap-optically-clear-for-real-time-pcr-1000-bag,"PCR Tubes, Flat top cap ,Optically Clear for Real | Laguna Scientific","PCR Tubes, Flat top cap ,Optically Clear for Real Time from Laguna Scientific. Lab supplies and PPE. Volume pricing: 866-9-LAGUNA.",Business & Industrial > Science & Laboratory > Laboratory Supplies > Test Tubes
384-well-pcr-plates-full-skirt-single-notch-corner-at-a24-and-p24,"384-Well PCR Plates, Full Skirt | Laguna Scientific","384-Well PCR Plates, Full Skirt from Laguna Scientific. Lab supplies and PPE. Volume pricing: 866-9-LAGUNA.",Business & Industrial > Science & Laboratory > Laboratory Supplies
pcr-plates,"384-Well PCR Plates, Half Skirt | Laguna Scientific","384-Well PCR Plates, Half Skirt, Fits Roche LightCycler® 480 from Laguna Scientific. Lab supplies and PPE. Volume pricing: 866-9-LAGUNA.",Business & Industrial > Science & Laboratory > Laboratory Supplies
48-well-multi-well-cell-culture-plates-1-plate-bag-100-cs,"48 Well, Multi Well Cell Culture Plates | Laguna Scientific","48 Well, Multi Well Cell Culture Plates, 1 plate/bag, 100/cs from Laguna Scientific. Lab supplies and PPE. Volume pricing: 866-9-LAGUNA.",Business & Industrial > Science & Laboratory > Laboratory Supplies
15-ml-conical-centrifuge-tubes-bulk-sterile-500-cs,"15 ml Conical Centrifuge Tubes, Bulk, Sterile | Laguna Scientific","15 ml Conical Centrifuge Tubes, Bulk, Sterile, 500/case from Laguna Scientific. Lab supplies and PPE. Volume pricing: 866-9-LAGUNA.",Business & Industrial > Science & Laboratory > Laboratory Supplies > Test Tubes
50-ml-conical-centrifuge-tubes-bulk-sterile-500-cs,"50 ml Conical Centrifuge Tubes, Bulk, Sterile | Laguna Scientific","50 ml Conical Centrifuge Tubes, Bulk, Sterile, 500/cs from Laguna Scientific. Lab supplies and PPE. Volume pricing: 866-9-LAGUNA.",Business & Industrial > Science & Laboratory > Laboratory Supplies > Test Tubes
reagent-reservoirs-sterile,"Reagent reservoirs, STERILE, 1/bag, 80/box | Laguna Scientific","Reagent reservoirs, STERILE, 1/bag, 80/box from Laguna Scientific. Lab supplies and PPE. Volume pricing: 866-9-LAGUNA.",Business & Industrial > Science & Laboratory > Laboratory Supplies
blue-disposable-underpads-large-size-23-x-36-150-cs,"Heavy Absorbency 30"" x 30"" Quilted Bed Pads | Laguna Scientific","Heavy Absorbency 30"" x 30"" Quilted Bed Pads from Laguna Scientific. Lab supplies and PPE. Volume pricing: 866-9-LAGUNA.",Business & Industrial > Science & Laboratory > Laboratory Supplies
smartglow-ps-pre-stain-1-ml,"SmartGlow PS (Pre Stain), 1 ml | Laguna Scientific","SmartGlow PS (Pre Stain), 1 ml from Laguna Scientific. Lab supplies and PPE for research, clinical, and industrial labs. Volume pricing: 866-9-LAGUNA.",Business & Industrial > Science & Laboratory > Laboratory Supplies
bovine-serum-albumin-bsa,"Bovine Serum Albumin (BSA), Fraction V | Laguna Scientific","Bovine Serum Albumin (BSA), Fraction V, Protease Free from Laguna Scientific. Lab supplies and PPE. Volume pricing: 866-9-LAGUNA.",Business & Industrial > Science & Laboratory > Laboratory Supplies
96-well-no-skirt-clear-raised-plate-0-2-ml-10-pk,"96 Well, No-Skirt, clear Raised plate,0.2 ml, 10/pk | Laguna Scientific","96 Well, No-Skirt, clear Raised plate,0.2 ml, 10/pk from Laguna Scientific. Lab supplies and PPE. Volume pricing: 866-9-LAGUNA.",Business & Industrial > Science & Laboratory > Laboratory Supplies
hotplate-stirrer,Hotplate Stirrer | Laguna Scientific,"Hotplate Stirrer from Laguna Scientific. Lab supplies and PPE for research, clinical, and industrial labs. Volume pricing: 866-9-LAGUNA.",Business & Industrial > Science & Laboratory > Laboratory Equipment
enduro™-uv-transilluminators,ENDURO™ UV Transilluminators | Laguna Scientific,"ENDURO™ UV Transilluminators from Laguna Scientific. Lab supplies and PPE for research, clinical, and industrial labs. Volume pricing: 866-9-LAGUNA.",Business & Industrial > Science & Laboratory > Laboratory Equipment
multigene™-optimax-thermal-cycler,MultiGene Optimax Thermal Cycler | Laguna Scientific,"MultiGene Optimax Thermal Cycler from Laguna Scientific. Lab supplies and PPE for research, clinical, and industrial labs. Volume pricing: 866-9-LAGUNA.",Business & Industrial > Science & Laboratory > Laboratory Equipment
thermal-cycler,TC 9639 Gradient Thermal Cycler | Laguna Scientific,"TC 9639 Gradient Thermal Cycler from Laguna Scientific. Lab supplies and PPE for research, clinical, and industrial labs. Volume pricing: 866-9-LAGUNA.",Business & Industrial > Science & Laboratory > Laboratory Equipment
taq-polymerase-thermostable-dna-polymerase,"Taq Polymerase, (thermostable DNA polymerase) | Laguna Scientific","Taq Polymerase, (thermostable DNA polymerase) from Laguna Scientific. Lab supplies and PPE. Volume pricing: 866-9-LAGUNA.",Business & Industrial > Science & Laboratory > Laboratory Supplies
cardboard-freezer-box-3-inch-10-pk,"3 inch Cardboard (Freezer) Box, 10/pk | Laguna Scientific","3 inch Cardboard (Freezer) Box, 10/pk from Laguna Scientific. Lab supplies and PPE. Volume pricing: 866-9-LAGUNA.",Business & Industrial > Science & Laboratory > Laboratory Supplies
mini-incubator-with-heat-and-cool,"Mini Digital Incubator, with heating and cooling | Laguna Scientific","Mini Digital Incubator, with heating and cooling from Laguna Scientific. Lab supplies and PPE. Volume pricing: 866-9-LAGUNA.",Business & Industrial > Science & Laboratory > Laboratory Equipment
mini-incubator-heat-only,"Mini Digital Incubator, with heating only | Laguna Scientific","Mini Digital Incubator, with heating only from Laguna Scientific. Lab supplies and PPE. Volume pricing: 866-9-LAGUNA.",Business & Industrial > Science & Laboratory > Laboratory Equipment
mini-incubator,Mini Incubator | Laguna Scientific,"Mini Incubator from Laguna Scientific. Lab supplies and PPE for research, clinical, and industrial labs. Volume pricing: 866-9-LAGUNA.",Business & Industrial > Science & Laboratory > Laboratory Equipment > Laboratory Ovens
transfer-pipettes,transfer Pipettes | Laguna Scientific,"transfer Pipettes from Laguna Scientific. Lab supplies and PPE for research, clinical, and industrial labs. Volume pricing: 866-9-LAGUNA.",Business & Industrial > Science & Laboratory > Laboratory Supplies > Pipettes
1000-µl-pipette-tips,"1000 µl Pipette Tips, No RNase, DNase | Laguna Scientific","1000 µl Pipette Tips, No RNase, DNase, PCR inhibitors from Laguna Scientific. Lab supplies and PPE. Volume pricing: 866-9-LAGUNA.",Business & Industrial > Science & Laboratory > Laboratory Supplies > Pipettes
pcr-reagents,PCR Reagents | Laguna Scientific,"PCR Reagents from Laguna Scientific. Lab supplies and PPE for research, clinical, and industrial labs. Volume pricing: 866-9-LAGUNA.",Business & Industrial > Science & Laboratory > Laboratory Supplies
chemicals,Chemicals | Laguna Scientific,"Chemicals from Laguna Scientific. Lab supplies and PPE for research, clinical, and industrial labs. Volume pricing: 866-9-LAGUNA.",Business & Industrial > Science & Laboratory > Laboratory Chemicals
gel-loading-tips,Gel loading Tips | Laguna Scientific,"Gel loading Tips from Laguna Scientific. Lab supplies and PPE for research, clinical, and industrial labs. Volume pricing: 866-9-LAGUNA.",Business & Industrial > Science & Laboratory > Laboratory Supplies > Pipettes
aami-level-1-2-isolation-gowns,Blue Isolation Gowns - Disposable 100/Case | Laguna Scientific,Blue Isolation Gowns - Disposable 100/Case from Laguna Scientific. Lab supplies and PPE. Volume pricing: 866-9-LAGUNA.,Apparel & Accessories
disposable-inoculating-loop-10-µl-sterile-500-box,"Disposable Inoculating Loop,10 µl, Sterile, 500/box | Laguna Scientific","Disposable Inoculating Loop,10 µl, Sterile, 500/box from Laguna Scientific. Lab supplies and PPE. Volume pricing: 866-9-LAGUNA.",Business & Industrial > Science & Laboratory > Laboratory Supplies
biopette™-a-autoclavable-multichannel-pipettes,Biopette™ A Autoclavable Multichannel Pipettes | Laguna Scientific,Biopette™ A Autoclavable Multichannel Pipettes from Laguna Scientific. Lab supplies and PPE. Volume pricing: 866-9-LAGUNA.,Business & Industrial > Science & Laboratory > Laboratory Supplies > Pipettes
biopette-plus-variable-volume-pipettes-w-tip-ejector,"BioPette Plus, Variable Volume Pipettes w/ Tip | Laguna Scientific","BioPette Plus, Variable Volume Pipettes w/ Tip Ejector from Laguna Scientific. Lab supplies and PPE. Volume pricing: 866-9-LAGUNA.",Business & Industrial > Science & Laboratory > Laboratory Supplies > Pipettes
dispenser-syringe-tips-for-repeater-pipette-100-pk-available-from-0-5-to-50-ml-each-tip-capacity,Dispenser Syringe Tips for repeater Pipette | Laguna Scientific,Dispenser Syringe Tips for repeater Pipette from Laguna Scientific. Lab supplies and PPE. Volume pricing: 866-9-LAGUNA.,Business & Industrial > Science & Laboratory
filter-pipette-tips-1000-µl-pipette-tipsl-racked-sterile-96-tips-box-10-box-cs,"1000 µl Filter Pipette Tips, No RNase, DNase | Laguna Scientific","1000 µl Filter Pipette Tips, No RNase, DNase, Endotoxin from Laguna Scientific. Lab supplies and PPE. Volume pricing: 866-9-LAGUNA.",Business & Industrial > Science & Laboratory > Laboratory Supplies > Pipettes
filter-pipette-tips-200-µl-racked-sterile-96-tips-box-10-box-cs,"200 µl Filter Pipette Tips, No RNase, DNase | Laguna Scientific","200 µl Filter Pipette Tips, No RNase, DNase, Endotoxin from Laguna Scientific. Lab supplies and PPE. Volume pricing: 866-9-LAGUNA.",Business & Industrial > Science & Laboratory > Laboratory Supplies > Pipettes
filter-pipette-tips-10-µl-racked-sterile-96-tips-box-10-box-cs,"10 µl Pipette Tips, No RNase, DNase, Endotoxin | Laguna Scientific","10 µl Pipette Tips, No RNase, DNase, Endotoxin from Laguna Scientific. Lab supplies and PPE. Volume pricing: 866-9-LAGUNA.",Business & Industrial > Science & Laboratory > Laboratory Supplies > Pipettes
gel-loading-tips-flat-racked-200-tips-rack-4racks-box,"Gel loading Tips, round, 200 tips/ Rack; 4Racks/box | Laguna Scientific","Gel loading Tips, round, 200 tips/ Rack; 4Racks/box from Laguna Scientific. Lab supplies and PPE. Volume pricing: 866-9-LAGUNA.",Business & Industrial > Science & Laboratory > Laboratory Supplies > Pipettes
gel-loading-tips-flat-racked-200-tips-1-rack,"Gel loading Tips, Flat, Racked, 200 tips/ 1 Rack | Laguna Scientific","Gel loading Tips, Flat, Racked, 200 tips/ 1 Rack from Laguna Scientific. Lab supplies and PPE. Volume pricing: 866-9-LAGUNA.",Business & Industrial > Science & Laboratory > Laboratory Supplies > Pipettes
pipette-tips-1000-µl-racked-sterile-96-tips-box-10-box-cs,"1000 µl Pipette Tips, No RNase, DNase | Laguna Scientific","1000 µl Pipette Tips, No RNase, DNase, PCR inhibitors from Laguna Scientific. Lab supplies and PPE. Volume pricing: 866-9-LAGUNA.",Business & Industrial > Science & Laboratory > Laboratory Supplies > Pipettes
pipette-tips-1000-µl-racked-96-tips-box-10-box-cs,"1000 µl Pipette Tips, No RNase, DNase | Laguna Scientific","1000 µl Pipette Tips, No RNase, DNase, PCR inhibitors from Laguna Scientific. Lab supplies and PPE. Volume pricing: 866-9-LAGUNA.",Business & Industrial > Science & Laboratory > Laboratory Supplies > Pipettes
pipette-tips-1000-µl-bulk-1000-bag,"1000 µl Pipette Tips, No RNase, DNase | Laguna Scientific","1000 µl Pipette Tips, No RNase, DNase, PCR inhibitors from Laguna Scientific. Lab supplies and PPE. Volume pricing: 866-9-LAGUNA.",Business & Industrial > Science & Laboratory > Laboratory Supplies > Pipettes
pipette-tips-200-µl-bulk-1000-bag,"200 µl Pipette Tips, No RNase, DNase, Endotoxin | Laguna Scientific","200 µl Pipette Tips, No RNase, DNase, Endotoxin from Laguna Scientific. Lab supplies and PPE. Volume pricing: 866-9-LAGUNA.",Business & Industrial > Science & Laboratory > Laboratory Supplies > Pipettes
4-oz-specimen-containers-sterile-100-case,"Specimen Containers, 4 ounce, Sterile | Laguna Scientific","Specimen Containers, 4 ounce, Sterile from Laguna Scientific. Lab supplies and PPE. Volume pricing: 866-9-LAGUNA.",Business & Industrial > Science & Laboratory > Laboratory Specimens
4-x-4-non-woven-gauze-sponze,"4"" x 4"" Non-woven Gauze sponze | Laguna Scientific","4"" x 4"" Non-woven Gauze sponze from Laguna Scientific. Lab supplies and PPE for research, clinical, and industrial labs. Volume pricing: 866-9-LAGUNA.",Health & Beauty
96-well-u-bottom-multi-well-cell-culture-plates-1-plate-bag-100-cs,"96 Well U-bottom, Multi Well Cell Culture Plates | Laguna Scientific","96 Well U-bottom, Multi Well Cell Culture Plates from Laguna Scientific. Lab supplies and PPE. Volume pricing: 866-9-LAGUNA.",Business & Industrial > Science & Laboratory > Laboratory Supplies
96-well-flat-bottom-multi-well-cell-culture-plates-1-plate-bag-100-cs,"96 Well-Flat bottom, Multi Well Cell Culture | Laguna Scientific","96 Well-Flat bottom, Multi Well Cell Culture Plates from Laguna Scientific. Lab supplies and PPE. Volume pricing: 866-9-LAGUNA.",Business & Industrial > Science & Laboratory > Laboratory Supplies
24-well-multi-well-cell-culture-plates-1-plate-bag-100-cs,24 Well Multi Well Cell Culture Plates | Laguna Scientific,"24 Well Multi Well Cell Culture Plates, 1 plate/bag, 100/cs from Laguna Scientific. Lab supplies and PPE. Volume pricing: 866-9-LAGUNA.",Business & Industrial > Science & Laboratory > Laboratory Supplies
12-well-multi-well-cell-culture-plates-1-plate-bag-100-cs,12 Well Multi Well Cell Culture Plates | Laguna Scientific,"12 Well Multi Well Cell Culture Plates, 1 plate/bag, 100/cs from Laguna Scientific. Lab supplies and PPE. Volume pricing: 866-9-LAGUNA.",Business & Industrial > Science & Laboratory > Laboratory Supplies
x-gal-5-bromo-4-chloro-3-indolyl-ss-d-galactopyranoside-5-gm-bottle,"X-GAL, 5-Bromo-4-Chloro-3-Indolyl-ß-D-Galactopyranos | Laguna Scientific","X-GAL, 5-Bromo-4-Chloro-3-Indolyl-ß-D-Galactopyranoside from Laguna Scientific. Lab supplies and PPE. Volume pricing: 866-9-LAGUNA.",Business & Industrial > Science & Laboratory > Laboratory Chemicals
latex-gloves-powder-free-1000-box,"Disposable Latex Gloves, Powder-Free | Laguna Scientific","Disposable Latex Gloves, Powder-Free, 1000/case (10 boxes) from Laguna Scientific. Lab supplies and PPE. Volume pricing: 866-9-LAGUNA.",Business & Industrial > Medical > Medical Supplies > Disposable Gloves
thermalseal-rt-real-time-sealing-film-100-box,"ThermalSeal RT Real Time Sealing Film, 100/box | Laguna Scientific","ThermalSeal RT Real Time Sealing Film, 100/box from Laguna Scientific. Lab supplies and PPE. Volume pricing: 866-9-LAGUNA.",Business & Industrial > Science & Laboratory > Laboratory Supplies
alumaseal-ii-aluminium-sealing-films-sterile-100-box,"AlumaSeal II Aluminium Sealing Films, Sterile | Laguna Scientific","AlumaSeal II Aluminium Sealing Films, Sterile, 100/box from Laguna Scientific. Lab supplies and PPE. Volume pricing: 866-9-LAGUNA.",Business & Industrial > Science & Laboratory > Laboratory Supplies
alumaseal-ii-aluminium-sealing-films-non-sterile-100-box,"AlumaSeal II Aluminium Sealing Films, Non sterile | Laguna Scientific","AlumaSeal II Aluminium Sealing Films, Non sterile, 100/box from Laguna Scientific. Lab supplies and PPE. Volume pricing: 866-9-LAGUNA.",Business & Industrial > Science & Laboratory > Laboratory Supplies
plate-sealing-film-pcr-elisa-100-box,"Plate Sealing Film, (PCR, ELISA), 100/box | Laguna Scientific","Plate Sealing Film, (PCR, ELISA), 100/box from Laguna Scientific. Lab supplies and PPE. Volume pricing: 866-9-LAGUNA.",Business & Industrial > Science & Laboratory > Laboratory Supplies
8-tube-strip-caps-for-pcr-tubes-120-strips-bag,"8 Tube Strip Caps for PCR Tubes, 120 strips/bag | Laguna Scientific","8 Tube Strip Caps for PCR Tubes, 120 strips/bag from Laguna Scientific. Lab supplies and PPE. Volume pricing: 866-9-LAGUNA.",Business & Industrial > Science & Laboratory > Laboratory Supplies
8-tube-strip-pcr-tubes-120-strips-bag,"8 Tube Strip PCR Tubes, 120 strips/bag | Laguna Scientific","8 Tube Strip PCR Tubes, 120 strips/bag from Laguna Scientific. Lab supplies and PPE. Volume pricing: 866-9-LAGUNA.",Business & Industrial > Science & Laboratory > Laboratory Supplies
attached-cap-strip-pcr-tubes-120-strips-bag,8-tube Strip PCR Tube with Attached Cap | Laguna Scientific,"8-tube Strip PCR Tube with Attached Cap, 120 strips/bag from Laguna Scientific. Lab supplies and PPE. Volume pricing: 866-9-LAGUNA.",Business & Industrial > Science & Laboratory > Laboratory Supplies
pcr-tubes-flat-top-cap-1000-bag,"PCR Tubes, Flat top cap ,1000/bag | Laguna Scientific","PCR Tubes, Flat top cap ,1000/bag from Laguna Scientific. Lab supplies and PPE for research, clinical, and industrial labs. Volume pricing: 866-9-LAGUNA.",Business & Industrial > Science & Laboratory > Laboratory Supplies > Test Tubes
2-0-ml-screw-cap-microtubes-sterile-500-bag,1.8 ml RED Screw Cap Microtubes with silicone | Laguna Scientific,1.8 ml RED Screw Cap Microtubes with silicone gasket from Laguna Scientific. Lab supplies and PPE. Volume pricing: 866-9-LAGUNA.,Business & Industrial > Science & Laboratory > Laboratory Supplies > Test Tubes
50-ml-conical-centrifuge-tubes-racked-sterile-500-cs,"50 ml Conical Centrifuge Tubes, racked, Sterile | Laguna Scientific","50 ml Conical Centrifuge Tubes, racked, Sterile, 500/cs from Laguna Scientific. Lab supplies and PPE. Volume pricing: 866-9-LAGUNA.",Business & Industrial > Science & Laboratory > Laboratory Supplies > Test Tubes
13-x-100-mm-polystyrene-test-tubes-2000-cs,"13 x 100 mm Polystyrene Test Tubes, 1000/cs | Laguna Scientific","13 x 100 mm Polystyrene Test Tubes, 1000/cs from Laguna Scientific. Lab supplies and PPE. Volume pricing: 866-9-LAGUNA.",Business & Industrial > Science & Laboratory > Laboratory Supplies > Test Tubes
biopette-plus-four-pack-starter-kit,NextPette Precision Pipettes | Laguna Scientific,"NextPette Precision Pipettes from Laguna Scientific. Lab supplies and PPE for research, clinical, and industrial labs. Volume pricing: 866-9-LAGUNA.",Business & Industrial > Science & Laboratory > Laboratory Supplies > Pipettes
styrofoam-box-100-place-10-pk,"Styrofoam Box, 100 place, 10/pk | Laguna Scientific","Styrofoam Box, 100 place, 10/pk from Laguna Scientific. Lab supplies and PPE for research, clinical, and industrial labs. Volume pricing: 866-9-LAGUNA.",Business & Industrial > Science & Laboratory > Laboratory Supplies
vortex-mixer,Vortex Mixer | Laguna Scientific,"Vortex Mixer from Laguna Scientific. Lab supplies and PPE for research, clinical, and industrial labs. Volume pricing: 866-9-LAGUNA.",Business & Industrial > Science & Laboratory > Laboratory Equipment
spectrafuge-24d-digital-microcentrifuge,Spectrafuge 24D Digital Microcentrifuge | Laguna Scientific,Spectrafuge 24D Digital Microcentrifuge from Laguna Scientific. Lab supplies and PPE. Volume pricing: 866-9-LAGUNA.,Business & Industrial > Science & Laboratory > Laboratory Equipment > Centrifuges
problot-35-deluxe-rocking-platform,ProBlot 35 Deluxe Rocking Platform | Laguna Scientific,"ProBlot 35 Deluxe Rocking Platform from Laguna Scientific. Lab supplies and PPE for research, clinical, and industrial labs. Volume pricing: 866-9-LAGUNA.",Business & Industrial > Science & Laboratory > Laboratory Equipment
problot-25-and-25xl-rockers,ProBlot 25 and 25XL Rockers | Laguna Scientific,"ProBlot 25 and 25XL Rockers from Laguna Scientific. Lab supplies and PPE for research, clinical, and industrial labs. Volume pricing: 866-9-LAGUNA.",Business & Industrial > Science & Laboratory > Laboratory Equipment
mini-labrollerrotator,Mini LabRollerRotator | Laguna Scientific,"Mini LabRollerRotator from Laguna Scientific. Lab supplies and PPE for research, clinical, and industrial labs. Volume pricing: 866-9-LAGUNA.",Business & Industrial > Science & Laboratory > Laboratory Equipment
gyromini-nutating-mixer,GyroMini Nutating Mixer | Laguna Scientific,"GyroMini Nutating Mixer from Laguna Scientific. Lab supplies and PPE for research, clinical, and industrial labs. Volume pricing: 866-9-LAGUNA.",Business & Industrial > Science & Laboratory > Laboratory Equipment
12-x-75-mm-polystyrene-test-tubes-1000-pk,"12 x 75 mm Polystyrene Test Tubes, 1000/pk | Laguna Scientific","12 x 75 mm Polystyrene Test Tubes, 1000/pk from Laguna Scientific. Lab supplies and PPE. Volume pricing: 866-9-LAGUNA.",Business & Industrial > Science & Laboratory > Laboratory Supplies > Test Tubes
pcr-tubes-dome-cap-1000-bag,"PCR Tubes, Dome cap, 1000/bag | Laguna Scientific","PCR Tubes, Dome cap, 1000/bag from Laguna Scientific. Lab supplies and PPE for research, clinical, and industrial labs. Volume pricing: 866-9-LAGUNA.",Business & Industrial > Science & Laboratory > Laboratory Supplies > Test Tubes
15-ml-conical-centrifuge-tubes-racked-sterile-500-cs,"15 ml Conical Centrifuge Tubes, racked, Sterile | Laguna Scientific","15 ml Conical Centrifuge Tubes, racked, Sterile, 500/cs from Laguna Scientific. Lab supplies and PPE. Volume pricing: 866-9-LAGUNA.",Business & Industrial > Science & Laboratory > Laboratory Supplies > Test Tubes
four-way-tube-rack-5-pk,"Four-Way Tube Rack, 5/pk | Laguna Scientific","Four-Way Tube Rack, 5/pk from Laguna Scientific. Lab supplies and PPE for research, clinical, and industrial labs. Volume pricing: 866-9-LAGUNA.",Business & Industrial > Science & Laboratory > Laboratory Supplies > Test Tube Racks
cardboard-box-10-pk,"2 inch Cardboard (Freezer) Box, 10/pk | Laguna Scientific","2 inch Cardboard (Freezer) Box, 10/pk from Laguna Scientific. Lab supplies and PPE. Volume pricing: 866-9-LAGUNA.",Business & Industrial > Science & Laboratory > Laboratory Supplies
6-well-multi-well-cell-culture-plates-1-plate-bag-100-cs,"6 Well Multi Well Cell Culture Plates, 1 plate/bag | Laguna Scientific","6 Well Multi Well Cell Culture Plates, 1 plate/bag, 100/cs from Laguna Scientific. Lab supplies and PPE. Volume pricing: 866-9-LAGUNA.",Business & Industrial > Science & Laboratory > Laboratory Supplies
shoe-cover-non-skid-100-pk-300-cs,"Disposable Shoe Covers, 200/Box (100 Pairs) | Laguna Scientific","Disposable Shoe Covers, 200/Box (100 Pairs), Non-Slip from Laguna Scientific. Lab supplies and PPE. Volume pricing: 866-9-LAGUNA.",Business & Industrial > Medical
dntps-master-mix-100mm-25-mm-each-of-da-dc-dg-dt-1000-µl-tube,"dNTPs, Master Mix, (100mM, 25 mM each of dA, dC | Laguna Scientific","dNTPs, Master Mix, (100mM, 25 mM each of dA, dC, dG from Laguna Scientific. Lab supplies and PPE. Volume pricing: 866-9-LAGUNA.",Business & Industrial > Science & Laboratory > Laboratory Supplies
isolation-gowns-yellow-10-bag-100-cs,Disposable Level 2 Isolation Gown Fully Closed | Laguna Scientific,Disposable Level 2 Isolation Gown Fully Closed Double Tie from Laguna Scientific. Lab supplies and PPE. Volume pricing: 866-9-LAGUNA.,Apparel & Accessories
transfer-pipettes-3-ml-capacity-500-pack,"Transfer Pipettes, 3 ml capacity, 500/pack | Laguna Scientific","Transfer Pipettes, 3 ml capacity, 500/pack from Laguna Scientific. Lab supplies and PPE. Volume pricing: 866-9-LAGUNA.",Business & Industrial > Science & Laboratory > Laboratory Supplies > Pipettes
manual-repeating-pipette,"Labpette R Repeating Pipette, Manual | Laguna Scientific","Labpette R Repeating Pipette, Manual from Laguna Scientific. Lab supplies and PPE. Volume pricing: 866-9-LAGUNA.",Business & Industrial > Science & Laboratory > Laboratory Supplies > Pipettes
transfer-pipettes-sterile-1-ml-capacity-1-pk-400-box,"Disposable plastic Transfer Pipettes, Sterile | Laguna Scientific","Disposable plastic Transfer Pipettes, Sterile from Laguna Scientific. Lab supplies and PPE. Volume pricing: 866-9-LAGUNA.",Business & Industrial > Science & Laboratory > Laboratory Supplies > Pipettes
pipette-tips-10-ul,"10 µl FILTER Pipette Tips, Low Retention, Sterile | Laguna Scientific","10 µl FILTER Pipette Tips, Low Retention, Sterile from Laguna Scientific. Lab supplies and PPE. Volume pricing: 866-9-LAGUNA.",Business & Industrial > Science & Laboratory > Laboratory Supplies > Pipettes
z216-mk-high-capacity-refrigerated-microcentrifuge,Z216 MK High Capacity Refrigerated Microcentrifuge | Laguna Scientific,Z216 MK High Capacity Refrigerated Microcentrifuge from Laguna Scientific. Lab supplies and PPE. Volume pricing: 866-9-LAGUNA.,Business & Industrial > Science & Laboratory > Laboratory Equipment > Centrifuges
prism-r-refrigerated-microcentrifuge,Prism R Refrigerated Microcentrifuge | Laguna Scientific,Prism R Refrigerated Microcentrifuge from Laguna Scientific. Lab supplies and PPE. Volume pricing: 866-9-LAGUNA.,Business & Industrial > Science & Laboratory > Laboratory Equipment > Centrifuges
mini-centrifuge,MyFuge™ Mini Centrifuge with 2 rotors | Laguna Scientific,MyFuge™ Mini Centrifuge with 2 rotors from Laguna Scientific. Lab supplies and PPE. Volume pricing: 866-9-LAGUNA.,Business & Industrial > Science & Laboratory > Laboratory Equipment > Centrifuges
elisa-test-kits,ELISA Test Kits | Laguna Scientific,"ELISA Test Kits from Laguna Scientific. Lab supplies and PPE for research, clinical, and industrial labs. Volume pricing: 866-9-LAGUNA.",Business & Industrial > Science & Laboratory > Laboratory Supplies
x-gal-5-bromo-4-chloro-3-indolyl-ss-d-galactopyranoside-1-gm-bottle,"X-GAL, 5-Bromo-4-Chloro-3-Indolyl-ß-D-Galactopyranos | Laguna Scientific","X-GAL, 5-Bromo-4-Chloro-3-Indolyl-ß-D-Galactopyranoside from Laguna Scientific. Lab supplies and PPE. Volume pricing: 866-9-LAGUNA.",Business & Industrial > Science & Laboratory > Laboratory Chemicals
iptg-isopropyl-ss-d-thiogalactopyranoside-dioxane-free-5-gm-bottle,"IPTG, Isopropyl-ß-D-Thiogalactopyranoside | Laguna Scientific","IPTG, Isopropyl-ß-D-Thiogalactopyranoside, Dioxane Free from Laguna Scientific. Lab supplies and PPE. Volume pricing: 866-9-LAGUNA.",Business & Industrial > Science & Laboratory > Laboratory Chemicals
